 File: C:\Users\priya\Desktop\Skills\Placement Prep\AI in FEA project\CAS      1
/COM,ANSYS RELEASE 2021 R2           BUILD 21.2      UP20210601       17S      2
/NOPR                                                                   S      3
/PREP7                                                                  S      4
/TITLE, File: C:\Users\priya\Desktop\Skills\Placement Prep\AI in FEA proS      5
DOF,UX,UY,UZ,                                                           S      6
*SET,_RETURN,0.000000000000                                             S      7
*SET,_SAV1,200.0000000000                                               S      8
*SET,_SAV2,10000.00000000                                               S      9
*SET,_SAV3,0.000000000000                                               S     10
*SET,_SAV4,5.000000000000                                               S     11
*SET,_STATUS,2.000000000000                                             S     12
*SET,_UIQR,17.00000000000                                               S     13
*SET,_Z1,0.000000000000                                                 S     14
*SET,_ZRD,0.000000000000                                                S     15
*SET,__FLOATPARAMETER__,0.000000000000                                  S     16
*SET,__PYMAPDL_SESSION_ID__,'6686f492304b4e1a99063e3325a'               S     17
*SET,__TMPVAR__,1.000000000000                                          S     18
TREF,0.00000000                                                         S     19
IRLF,0                                                                  S     20
BFUNIF,TEMP,_TINY                                                       S     21
ACEL,0.00000000,0.00000000,0.00000000                                   S     22
OMEGA,0.00000000,0.00000000,0.00000000                                  S     23
DOMEGA,0.00000000,0.00000000,0.00000000                                 S     24
CGLOC,0.00000000,0.00000000,0.00000000                                  S     25
CGOMEGA,0.00000000,0.00000000,0.00000000                                S     26
DCGOMG,0.00000000,0.00000000,0.00000000                                 S     27
KUSE,0                                                                  S     28
TIME,0.00000000                                                         S     29
ALPHAD,0.00000000                                                       S     30
BETAD,0.00000000                                                        S     31
DMPRAT,0.00000000                                                       S     32
DMPSTR,0.00000000                                                       S     33
CRPLIM,0.100000000,0                                                    S     34
CRPLIM,0.00000000,1                                                     S     35
NCNV,1,0.00000000,0,0.00000000,0.00000000                               S     36
NEQIT,0                                                                 S     37
ERESX,DEFA                                                              S     38
/AUX15                                                                  S     39
IOPTN,YES,FILE                                                          S     40
/GOPR                                                                   S     41
!_END_OF_START                                                          S     42
1H,,1H;,, 9H_tmp.iges,                                                  G      1
5HANSYS,22H  21.2      UP20210601,,,,,,,1.0,6,,,,13H000902.172844,      G      2
1.0000E-04,,,,9,,;                                                      G      3
     128       1       0       0       0       0       0       000010001D      1
     128       0       0      20       0       0       0 SURFACE       0D      2
     126      21       0       0       0       0       0       000010501D      3
     126       0       0       7       0       0       0B-SPLINE       0D      4
     126      28       0       0       0       0       0       000010501D      5
     126       0       0      15       0       0       0B-SPLINE       0D      6
     126      43       0       0       0       0       0       000010501D      7
     126       0       0       7       0       0       0B-SPLINE       0D      8
     126      50       0       0       0       0       0       000010501D      9
     126       0       0      15       0       0       0B-SPLINE       0D     10
     102      65       0       0       0       0       0       000010501D     11
     102       0       0       1       0       0       0 COMPCRV       0D     12
     322      66       0       0       0       0       0       000000201D     13
     322       0       0       3       1       0       0ATT_TBLE       0D     14
     126      69       0       0       0       0       0       000010001D     15
     126       0       0       7       1       0       0B-SPLINE       2D     16
     322      76       0       0       0       0       0       000000201D     17
     322       0       0       3       1       0       0ATT_TBLE       0D     18
     126      79       0       0       0       0       0       000010001D     19
     126       0       0      11       2       0       0B-SPLINE      27D     20
     322      90       0       0       0       0       0       000000201D     21
     322       0       0       3       1       0       0ATT_TBLE       0D     22
     126      93       0       0       0       0       0       000010001D     23
     126       0       0       7       1       0       0B-SPLINE       1D     24
     322     100       0       0       0       0       0       000000201D     25
     322       0       0       3       1       0       0ATT_TBLE       0D     26
     126     103       0       0       0       0       0       000010001D     27
     126       0       0      11       2       0       0B-SPLINE      25D     28
     102     114       0       0       0       0       0       000010001D     29
     102       0       0       1       0       0       0 COMPCRV       0D     30
     142     115       0       0       0       0       0       000010001D     31
     142       0       0       1       0       0       0CURVESRF       0D     32
     144     116       0       0       0       0       0       000000001D     33
     144       0       0       1       0       0       0TRIMSURF       1D     34
     128     117       0       0       0       0       0       000010001D     35
     128       0       0      12       1       0       0 SURFACE       0D     36
     126     129       0       0       0       0       0       000010501D     37
     126       0       0       7       1       0       0B-SPLINE       0D     38
     126     136       0       0       0       0       0       000010501D     39
     126       0       0       7       1       0       0B-SPLINE       0D     40
     126     143       0       0       0       0       0       000010501D     41
     126       0       0       7       1       0       0B-SPLINE       0D     42
     126     150       0       0       0       0       0       000010501D     43
     126       0       0       7       1       0       0B-SPLINE       0D     44
     102     157       0       0       0       0       0       000010501D     45
     102       0       0       1       0       0       0 COMPCRV       0D     46
     322     158       0       0       0       0       0       000000201D     47
     322       0       0       3       1       0       0ATT_TBLE       0D     48
     126     161       0       0       0       0       0       000010001D     49
     126       0       0       7       1       0       0B-SPLINE       9D     50
     322     168       0       0       0       0       0       000000201D     51
     322       0       0       3       1       0       0ATT_TBLE       0D     52
     126     171       0       0       0       0       0       000010001D     53
     126       0       0       7       1       0       0B-SPLINE      14D     54
     322     178       0       0       0       0       0       000000201D     55
     322       0       0       3       1       0       0ATT_TBLE       0D     56
     126     181       0       0       0       0       0       000010001D     57
     126       0       0       7       1       0       0B-SPLINE       5D     58
     322     188       0       0       0       0       0       000000201D     59
     322       0       0       3       1       0       0ATT_TBLE       0D     60
     126     191       0       0       0       0       0       000010001D     61
     126       0       0       7       1       0       0B-SPLINE      10D     62
     102     198       0       0       0       0       0       000010001D     63
     102       0       0       1       0       0       0 COMPCRV       0D     64
     142     199       0       0       0       0       0       000010001D     65
     142       0       0       1       0       0       0CURVESRF       0D     66
     126     200       0       0       0       0       0       000010501D     67
     126       0       0      11       2       0       0B-SPLINE       0D     68
     126     211       0       0       0       0       0       000010501D     69
     126       0       0      11       2       0       0B-SPLINE       0D     70
     102     222       0       0       0       0       0       000010501D     71
     102       0       0       1       0       0       0 COMPCRV       0D     72
     322     223       0       0       0       0       0       000000201D     73
     322       0       0       1       1       0       0ATT_TBLE       0D     74
     126     224       0       0       0       0       0       000010001D     75
     126       0       0      11       2       0       0B-SPLINE      27D     76
     322     235       0       0       0       0       0       000000201D     77
     322       0       0       3       1       0       0ATT_TBLE       0D     78
     126     238       0       0       0       0       0       000010001D     79
     126       0       0      11       2       0       0B-SPLINE      26D     80
     102     249       0       0       0       0       0       000010001D     81
     102       0       0       1       0       0       0 COMPCRV       0D     82
     142     250       0       0       0       0       0       000010001D     83
     142       0       0       1       0       0       0CURVESRF       0D     84
     144     251       0       0       0       0       0       000000001D     85
     144       0       0       1       0       0       0TRIMSURF       2D     86
     128     252       0       0       0       0       0       000010001D     87
     128       0       0      12       1       0       0 SURFACE       0D     88
     126     264       0       0       0       0       0       000010501D     89
     126       0       0       7       1       0       0B-SPLINE       0D     90
     126     271       0       0       0       0       0       000010501D     91
     126       0       0       7       1       0       0B-SPLINE       0D     92
     126     278       0       0       0       0       0       000010501D     93
     126       0       0       7       1       0       0B-SPLINE       0D     94
     126     285       0       0       0       0       0       000010501D     95
     126       0       0       7       1       0       0B-SPLINE       0D     96
     102     292       0       0       0       0       0       000010501D     97
     102       0       0       1       0       0       0 COMPCRV       0D     98
     322     293       0       0       0       0       0       000000201D     99
     322       0       0       1       1       0       0ATT_TBLE       0D    100
     126     294       0       0       0       0       0       000010001D    101
     126       0       0       7       1       0       0B-SPLINE       9D    102
     322     301       0       0       0       0       0       000000201D    103
     322       0       0       3       1       0       0ATT_TBLE       0D    104
     126     304       0       0       0       0       0       000010001D    105
     126       0       0       7       1       0       0B-SPLINE      13D    106
     322     311       0       0       0       0       0       000000201D    107
     322       0       0       3       1       0       0ATT_TBLE       0D    108
     126     314       0       0       0       0       0       000010001D    109
     126       0       0       7       1       0       0B-SPLINE       7D    110
     322     321       0       0       0       0       0       000000201D    111
     322       0       0       3       1       0       0ATT_TBLE       0D    112
     126     324       0       0       0       0       0       000010001D    113
     126       0       0       7       1       0       0B-SPLINE      17D    114
     102     331       0       0       0       0       0       000010001D    115
     102       0       0       1       0       0       0 COMPCRV       0D    116
     142     332       0       0       0       0       0       000010001D    117
     142       0       0       1       0       0       0CURVESRF       0D    118
     144     333       0       0       0       0       0       000000001D    119
     144       0       0       1       0       0       0TRIMSURF       3D    120
     128     334       0       0       0       0       0       000010001D    121
     128       0       0      12       1       0       0 SURFACE       0D    122
     126     346       0       0       0       0       0       000010501D    123
     126       0       0       7       1       0       0B-SPLINE       0D    124
     126     353       0       0       0       0       0       000010501D    125
     126       0       0       7       1       0       0B-SPLINE       0D    126
     126     360       0       0       0       0       0       000010501D    127
     126       0       0       7       1       0       0B-SPLINE       0D    128
     126     367       0       0       0       0       0       000010501D    129
     126       0       0       7       1       0       0B-SPLINE       0D    130
     102     374       0       0       0       0       0       000010501D    131
     102       0       0       1       0       0       0 COMPCRV       0D    132
     322     375       0       0       0       0       0       000000201D    133
     322       0       0       1       1       0       0ATT_TBLE       0D    134
     126     376       0       0       0       0       0       000010001D    135
     126       0       0       7       1       0       0B-SPLINE       7D    136
     322     383       0       0       0       0       0       000000201D    137
     322       0       0       3       1       0       0ATT_TBLE       0D    138
     126     386       0       0       0       0       0       000010001D    139
     126       0       0       7       1       0       0B-SPLINE      12D    140
     322     393       0       0       0       0       0       000000201D    141
     322       0       0       3       1       0       0ATT_TBLE       0D    142
     126     396       0       0       0       0       0       000010001D    143
     126       0       0       7       1       0       0B-SPLINE       8D    144
     322     403       0       0       0       0       0       000000201D    145
     322       0       0       3       1       0       0ATT_TBLE       0D    146
     126     406       0       0       0       0       0       000010001D    147
     126       0       0       7       1       0       0B-SPLINE      16D    148
     102     413       0       0       0       0       0       000010001D    149
     102       0       0       1       0       0       0 COMPCRV       0D    150
     142     414       0       0       0       0       0       000010001D    151
     142       0       0       1       0       0       0CURVESRF       0D    152
     126     415       0       0       0       0       0       000010501D    153
     126       0       0      11       2       0       0B-SPLINE       0D    154
     126     426       0       0       0       0       0       000010501D    155
     126       0       0      11       2       0       0B-SPLINE       0D    156
     102     437       0       0       0       0       0       000010501D    157
     102       0       0       1       0       0       0 COMPCRV       0D    158
     322     438       0       0       0       0       0       000000201D    159
     322       0       0       1       1       0       0ATT_TBLE       0D    160
     126     439       0       0       0       0       0       000010001D    161
     126       0       0      11       2       0       0B-SPLINE      25D    162
     322     450       0       0       0       0       0       000000201D    163
     322       0       0       3       1       0       0ATT_TBLE       0D    164
     126     453       0       0       0       0       0       000010001D    165
     126       0       0      11       2       0       0B-SPLINE      24D    166
     102     464       0       0       0       0       0       000010001D    167
     102       0       0       1       0       0       0 COMPCRV       0D    168
     142     465       0       0       0       0       0       000010001D    169
     142       0       0       1       0       0       0CURVESRF       0D    170
     144     466       0       0       0       0       0       000000001D    171
     144       0       0       1       0       0       0TRIMSURF       4D    172
     128     467       0       0       0       0       0       000010001D    173
     128       0       0      12       1       0       0 SURFACE       0D    174
     126     479       0       0       0       0       0       000010501D    175
     126       0       0       7       1       0       0B-SPLINE       0D    176
     126     486       0       0       0       0       0       000010501D    177
     126       0       0       7       1       0       0B-SPLINE       0D    178
     126     493       0       0       0       0       0       000010501D    179
     126       0       0       7       1       0       0B-SPLINE       0D    180
     126     500       0       0       0       0       0       000010501D    181
     126       0       0       7       1       0       0B-SPLINE       0D    182
     102     507       0       0       0       0       0       000010501D    183
     102       0       0       1       0       0       0 COMPCRV       0D    184
     322     508       0       0       0       0       0       000000201D    185
     322       0       0       1       1       0       0ATT_TBLE       0D    186
     126     509       0       0       0       0       0       000010001D    187
     126       0       0       7       1       0       0B-SPLINE       8D    188
     322     516       0       0       0       0       0       000000201D    189
     322       0       0       3       1       0       0ATT_TBLE       0D    190
     126     519       0       0       0       0       0       000010001D    191
     126       0       0       7       1       0       0B-SPLINE      11D    192
     322     526       0       0       0       0       0       000000201D    193
     322       0       0       3       1       0       0ATT_TBLE       0D    194
     126     529       0       0       0       0       0       000010001D    195
     126       0       0       7       1       0       0B-SPLINE      23D    196
     322     536       0       0       0       0       0       000000201D    197
     322       0       0       3       1       0       0ATT_TBLE       0D    198
     126     539       0       0       0       0       0       000010001D    199
     126       0       0       7       1       0       0B-SPLINE      15D    200
     102     546       0       0       0       0       0       000010001D    201
     102       0       0       1       0       0       0 COMPCRV       0D    202
     142     547       0       0       0       0       0       000010001D    203
     142       0       0       1       0       0       0CURVESRF       0D    204
     144     548       0       0       0       0       0       000000001D    205
     144       0       0       1       0       0       0TRIMSURF       5D    206
     128     549       0       0       0       0       0       000010001D    207
     128       0       0      12       1       0       0 SURFACE       0D    208
     126     561       0       0       0       0       0       000010501D    209
     126       0       0       7       1       0       0B-SPLINE       0D    210
     126     568       0       0       0       0       0       000010501D    211
     126       0       0       7       1       0       0B-SPLINE       0D    212
     126     575       0       0       0       0       0       000010501D    213
     126       0       0       7       1       0       0B-SPLINE       0D    214
     126     582       0       0       0       0       0       000010501D    215
     126       0       0       7       1       0       0B-SPLINE       0D    216
     126     589       0       0       0       0       0       000010501D    217
     126       0       0       7       1       0       0B-SPLINE       0D    218
     126     596       0       0       0       0       0       000010501D    219
     126       0       0      11       2       0       0B-SPLINE       0D    220
     126     607       0       0       0       0       0       000010501D    221
     126       0       0       7       1       0       0B-SPLINE       0D    222
     102     614       0       0       0       0       0       000010501D    223
     102       0       0       2       0       0       0 COMPCRV       0D    224
     322     616       0       0       0       0       0       000000201D    225
     322       0       0       1       1       0       0ATT_TBLE       0D    226
     126     617       0       0       0       0       0       000010001D    227
     126       0       0       7       1       0       0B-SPLINE      13D    228
     322     624       0       0       0       0       0       000000201D    229
     322       0       0       1       1       0       0ATT_TBLE       0D    230
     126     625       0       0       0       0       0       000010001D    231
     126       0       0       7       1       0       0B-SPLINE      12D    232
     322     632       0       0       0       0       0       000000201D    233
     322       0       0       1       1       0       0ATT_TBLE       0D    234
     126     633       0       0       0       0       0       000010001D    235
     126       0       0       7       1       0       0B-SPLINE      11D    236
     322     640       0       0       0       0       0       000000201D    237
     322       0       0       3       1       0       0ATT_TBLE       0D    238
     126     643       0       0       0       0       0       000010001D    239
     126       0       0       7       1       0       0B-SPLINE      20D    240
     322     650       0       0       0       0       0       000000201D    241
     322       0       0       3       1       0       0ATT_TBLE       0D    242
     126     653       0       0       0       0       0       000010001D    243
     126       0       0       7       1       0       0B-SPLINE      19D    244
     322     660       0       0       0       0       0       000000201D    245
     322       0       0       3       1       0       0ATT_TBLE       0D    246
     126     663       0       0       0       0       0       000010001D    247
     126       0       0      11       2       0       0B-SPLINE       4D    248
     322     674       0       0       0       0       0       000000201D    249
     322       0       0       1       1       0       0ATT_TBLE       0D    250
     126     675       0       0       0       0       0       000010001D    251
     126       0       0       7       1       0       0B-SPLINE      10D    252
     102     682       0       0       0       0       0       000010001D    253
     102       0       0       2       0       0       0 COMPCRV       0D    254
     142     684       0       0       0       0       0       000010001D    255
     142       0       0       1       0       0       0CURVESRF       0D    256
     144     685       0       0       0       0       0       000000001D    257
     144       0       0       1       0       0       0TRIMSURF       6D    258
     128     686       0       0       0       0       0       000010001D    259
     128       0       0      12       1       0       0 SURFACE       0D    260
     126     698       0       0       0       0       0       000010501D    261
     126       0       0       7       1       0       0B-SPLINE       0D    262
     126     705       0       0       0       0       0       000010501D    263
     126       0       0       7       1       0       0B-SPLINE       0D    264
     126     712       0       0       0       0       0       000010501D    265
     126       0       0       7       1       0       0B-SPLINE       0D    266
     126     719       0       0       0       0       0       000010501D    267
     126       0       0       7       1       0       0B-SPLINE       0D    268
     126     726       0       0       0       0       0       000010501D    269
     126       0       0      11       2       0       0B-SPLINE       0D    270
     126     737       0       0       0       0       0       000010501D    271
     126       0       0       7       1       0       0B-SPLINE       0D    272
     126     744       0       0       0       0       0       000010501D    273
     126       0       0       7       1       0       0B-SPLINE       0D    274
     102     751       0       0       0       0       0       000010501D    275
     102       0       0       2       0       0       0 COMPCRV       0D    276
     322     753       0       0       0       0       0       000000201D    277
     322       0       0       1       1       0       0ATT_TBLE       0D    278
     126     754       0       0       0       0       0       000010001D    279
     126       0       0       7       1       0       0B-SPLINE      16D    280
     322     761       0       0       0       0       0       000000201D    281
     322       0       0       1       1       0       0ATT_TBLE       0D    282
     126     762       0       0       0       0       0       000010001D    283
     126       0       0       7       1       0       0B-SPLINE      15D    284
     322     769       0       0       0       0       0       000000201D    285
     322       0       0       3       1       0       0ATT_TBLE       0D    286
     126     772       0       0       0       0       0       000010001D    287
     126       0       0       7       1       0       0B-SPLINE      22D    288
     322     779       0       0       0       0       0       000000201D    289
     322       0       0       3       1       0       0ATT_TBLE       0D    290
     126     782       0       0       0       0       0       000010001D    291
     126       0       0       7       1       0       0B-SPLINE      18D    292
     322     789       0       0       0       0       0       000000201D    293
     322       0       0       3       1       0       0ATT_TBLE       0D    294
     126     792       0       0       0       0       0       000010001D    295
     126       0       0      11       2       0       0B-SPLINE       3D    296
     322     803       0       0       0       0       0       000000201D    297
     322       0       0       1       1       0       0ATT_TBLE       0D    298
     126     804       0       0       0       0       0       000010001D    299
     126       0       0       7       1       0       0B-SPLINE      14D    300
     322     811       0       0       0       0       0       000000201D    301
     322       0       0       1       1       0       0ATT_TBLE       0D    302
     126     812       0       0       0       0       0       000010001D    303
     126       0       0       7       1       0       0B-SPLINE      17D    304
     102     819       0       0       0       0       0       000010001D    305
     102       0       0       2       0       0       0 COMPCRV       0D    306
     142     821       0       0       0       0       0       000010001D    307
     142       0       0       1       0       0       0CURVESRF       0D    308
     144     822       0       0       0       0       0       000000001D    309
     144       0       0       1       0       0       0TRIMSURF       7D    310
     128     823       0       0       0       0       0       000010001D    311
     128       0       0      12       1       0       0 SURFACE       0D    312
     126     835       0       0       0       0       0       000010501D    313
     126       0       0       7       1       0       0B-SPLINE       0D    314
     126     842       0       0       0       0       0       000010501D    315
     126       0       0       7       1       0       0B-SPLINE       0D    316
     126     849       0       0       0       0       0       000010501D    317
     126       0       0       7       1       0       0B-SPLINE       0D    318
     126     856       0       0       0       0       0       000010501D    319
     126       0       0       7       1       0       0B-SPLINE       0D    320
     102     863       0       0       0       0       0       000010501D    321
     102       0       0       1       0       0       0 COMPCRV       0D    322
     322     864       0       0       0       0       0       000000201D    323
     322       0       0       3       1       0       0ATT_TBLE       0D    324
     126     867       0       0       0       0       0       000010001D    325
     126       0       0       7       1       0       0B-SPLINE      21D    326
     322     874       0       0       0       0       0       000000201D    327
     322       0       0       1       1       0       0ATT_TBLE       0D    328
     126     875       0       0       0       0       0       000010001D    329
     126       0       0       7       1       0       0B-SPLINE      19D    330
     322     882       0       0       0       0       0       000000201D    331
     322       0       0       3       1       0       0ATT_TBLE       0D    332
     126     885       0       0       0       0       0       000010001D    333
     126       0       0       7       1       0       0B-SPLINE       6D    334
     322     892       0       0       0       0       0       000000201D    335
     322       0       0       1       1       0       0ATT_TBLE       0D    336
     126     893       0       0       0       0       0       000010001D    337
     126       0       0       7       1       0       0B-SPLINE      18D    338
     102     900       0       0       0       0       0       000010001D    339
     102       0       0       1       0       0       0 COMPCRV       0D    340
     142     901       0       0       0       0       0       000010001D    341
     142       0       0       1       0       0       0CURVESRF       0D    342
     144     902       0       0       0       0       0       000000001D    343
     144       0       0       1       0       0       0TRIMSURF       8D    344
     128     903       0       0       0       0       0       000010001D    345
     128       0       0      12       1       0       0 SURFACE       0D    346
     126     915       0       0       0       0       0       000010501D    347
     126       0       0       7       1       0       0B-SPLINE       0D    348
     126     922       0       0       0       0       0       000010501D    349
     126       0       0       7       1       0       0B-SPLINE       0D    350
     126     929       0       0       0       0       0       000010501D    351
     126       0       0       7       1       0       0B-SPLINE       0D    352
     126     936       0       0       0       0       0       000010501D    353
     126       0       0       7       1       0       0B-SPLINE       0D    354
     102     943       0       0       0       0       0       000010501D    355
     102       0       0       1       0       0       0 COMPCRV       0D    356
     322     944       0       0       0       0       0       000000201D    357
     322       0       0       1       1       0       0ATT_TBLE       0D    358
     126     945       0       0       0       0       0       000010001D    359
     126       0       0       7       1       0       0B-SPLINE      20D    360
     322     952       0       0       0       0       0       000000201D    361
     322       0       0       1       1       0       0ATT_TBLE       0D    362
     126     953       0       0       0       0       0       000010001D    363
     126       0       0       7       1       0       0B-SPLINE      21D    364
     322     960       0       0       0       0       0       000000201D    365
     322       0       0       1       1       0       0ATT_TBLE       0D    366
     126     961       0       0       0       0       0       000010001D    367
     126       0       0       7       1       0       0B-SPLINE      22D    368
     322     968       0       0       0       0       0       000000201D    369
     322       0       0       1       1       0       0ATT_TBLE       0D    370
     126     969       0       0       0       0       0       000010001D    371
     126       0       0       7       1       0       0B-SPLINE      23D    372
     102     976       0       0       0       0       0       000010001D    373
     102       0       0       1       0       0       0 COMPCRV       0D    374
     142     977       0       0       0       0       0       000010001D    375
     142       0       0       1       0       0       0CURVESRF       0D    376
     144     978       0       0       0       0       0       000000001D    377
     144       0       0       1       0       0       0TRIMSURF       9D    378
     128     979       0       0       0       0       0       000010001D    379
     128       0       0      20       0       0       0 SURFACE       0D    380
     126     999       0       0       0       0       0       000010501D    381
     126       0       0      15       0       0       0B-SPLINE       0D    382
     126    1014       0       0       0       0       0       000010501D    383
     126       0       0       7       0       0       0B-SPLINE       0D    384
     126    1021       0       0       0       0       0       000010501D    385
     126       0       0      15       0       0       0B-SPLINE       0D    386
     126    1036       0       0       0       0       0       000010501D    387
     126       0       0       7       0       0       0B-SPLINE       0D    388
     102    1043       0       0       0       0       0       000010501D    389
     102       0       0       1       0       0       0 COMPCRV       0D    390
     322    1044       0       0       0       0       0       000000201D    391
     322       0       0       1       1       0       0ATT_TBLE       0D    392
     126    1045       0       0       0       0       0       000010001D    393
     126       0       0      11       2       0       0B-SPLINE      26D    394
     322    1056       0       0       0       0       0       000000201D    395
     322       0       0       1       1       0       0ATT_TBLE       0D    396
     126    1057       0       0       0       0       0       000010001D    397
     126       0       0       7       1       0       0B-SPLINE       2D    398
     322    1064       0       0       0       0       0       000000201D    399
     322       0       0       1       1       0       0ATT_TBLE       0D    400
     126    1065       0       0       0       0       0       000010001D    401
     126       0       0      11       2       0       0B-SPLINE      24D    402
     322    1076       0       0       0       0       0       000000201D    403
     322       0       0       1       1       0       0ATT_TBLE       0D    404
     126    1077       0       0       0       0       0       000010001D    405
     126       0       0       7       1       0       0B-SPLINE       1D    406
     102    1084       0       0       0       0       0       000010001D    407
     102       0       0       1       0       0       0 COMPCRV       0D    408
     142    1085       0       0       0       0       0       000010001D    409
     142       0       0       1       0       0       0CURVESRF       0D    410
     144    1086       0       0       0       0       0       000000001D    411
     144       0       0       1       0       0       0TRIMSURF      10D    412
     128    1087       0       0       0       0       0       000010001D    413
     128       0       0      20       0       0       0 SURFACE       0D    414
     126    1107       0       0       0       0       0       000010501D    415
     126       0       0       7       0       0       0B-SPLINE       0D    416
     126    1114       0       0       0       0       0       000010501D    417
     126       0       0      15       0       0       0B-SPLINE       0D    418
     126    1129       0       0       0       0       0       000010501D    419
     126       0       0       7       0       0       0B-SPLINE       0D    420
     126    1136       0       0       0       0       0       000010501D    421
     126       0       0      15       0       0       0B-SPLINE       0D    422
     102    1151       0       0       0       0       0       000010501D    423
     102       0       0       1       0       0       0 COMPCRV       0D    424
     322    1152       0       0       0       0       0       000000201D    425
     322       0       0       1       1       0       0ATT_TBLE       0D    426
     126    1153       0       0       0       0       0       000010001D    427
     126       0       0       7       1       0       0B-SPLINE       6D    428
     322    1160       0       0       0       0       0       000000201D    429
     322       0       0       1       1       0       0ATT_TBLE       0D    430
     126    1161       0       0       0       0       0       000010001D    431
     126       0       0      11       2       0       0B-SPLINE       4D    432
     322    1172       0       0       0       0       0       000000201D    433
     322       0       0       1       1       0       0ATT_TBLE       0D    434
     126    1173       0       0       0       0       0       000010001D    435
     126       0       0       7       1       0       0B-SPLINE       5D    436
     322    1180       0       0       0       0       0       000000201D    437
     322       0       0       1       1       0       0ATT_TBLE       0D    438
     126    1181       0       0       0       0       0       000010001D    439
     126       0       0      11       2       0       0B-SPLINE       3D    440
     102    1192       0       0       0       0       0       000010001D    441
     102       0       0       1       0       0       0 COMPCRV       0D    442
     142    1193       0       0       0       0       0       000010001D    443
     142       0       0       1       0       0       0CURVESRF       0D    444
     144    1194       0       0       0       0       0       000000001D    445
     144       0       0       1       0       0       0TRIMSURF      11D    446
     322    1195       0       0       0       0       0       000000201D    447
     322       0       0       6       1       0       0ATT_TBLE       0D    448
     322    1201       0       0       0       0       0       000000201D    449
     322       0       0       6       1       0       0ATT_TBLE       0D    450
     322    1207       0       0       0       0       0       000000201D    451
     322       0       0       6       1       0       0ATT_TBLE       0D    452
     322    1213       0       0       0       0       0       000000201D    453
     322       0       0       7       1       0       0ATT_TBLE       0D    454
     322    1220       0       0       0       0       0       000000201D    455
     322       0       0       7       1       0       0ATT_TBLE       0D    456
     322    1227       0       0       0       0       0       000000201D    457
     322       0       0       7       1       0       0ATT_TBLE       0D    458
     322    1234       0       0       0       0       0       000000201D    459
     322       0       0       5       1       0       0ATT_TBLE       0D    460
     322    1239       0       0       0       0       0       000000201D    461
     322       0       0       5       1       0       0ATT_TBLE       0D    462
     322    1244       0       0       0       0       0       000000201D    463
     322       0       0       5       1       0       0ATT_TBLE       0D    464
128,3,1,3,1,0,0,                                                       1P      1
0,0,0,                                                                 1P      2
0.00000000000,0.00000000000,0.00000000000,                             1P      3
0.00000000000,1.00000000000,1.00000000000,                             1P      4
1.00000000000,1.00000000000,0.00000000000,                             1P      5
0.00000000000,1.00000000000,1.00000000000,                             1P      6
1.00000000000,0.333333333333,0.333333333333,                           1P      7
1.00000000000,1.00000000000,0.333333333333,                            1P      8
0.333333333333,1.00000000000,0.900000000000E-02,                       1P      9
-0.220000000000E-02,0.500000000000E-02,-0.100000000000E-02,            1P     10
-0.220000000000E-02,0.500000000000E-02,-0.100000000000E-02,            1P     11
-0.220000000000E-02,0.150000000000E-01,0.900000000000E-02,             1P     12
-0.220000000000E-02,0.150000000000E-01,0.900000000000E-02,             1P     13
0.200000000000E-03,0.500000000000E-02,-0.100000000000E-02,             1P     14
0.200000000000E-03,0.500000000000E-02,-0.100000000000E-02,             1P     15
0.200000000000E-03,0.150000000000E-01,0.900000000000E-02,              1P     16
0.200000000000E-03,0.150000000000E-01,0.00000000000,                   1P     17
1.00000000000,0.00000000000,1.00000000000,                             1P     18
1.00000000000,0.00000000000,1.00000000000,                             1P     19
0,0,0;                                                                 1P     20
126,1,1,1,0,1,0,                                                       3P     21
0.00000000000,0.00000000000,1.00000000000,                             3P     22
1.00000000000,1.00000000000,1.00000000000,                             3P     23
1.00000000000,0.833333333333E-01,0.00000000000,                        3P     24
1.00000000000,0.916666666667,0.00000000000,                            3P     25
0.00000000000,1.00000000000,0.00000000000,                             3P     26
0.00000000000,1.00000000000,0,0,0;                                     3P     27
126,5,3,1,0,1,0,                                                       5P     28
0.00000000000,0.00000000000,0.00000000000,                             5P     29
0.00000000000,0.333333333333,0.666666666667,                           5P     30
1.00000000000,1.00000000000,1.00000000000,                             5P     31
1.00000000000,1.00000000000,1.00000000000,                             5P     32
1.00000000000,1.00000000000,1.00000000000,                             5P     33
1.00000000000,0.789778821494E-08,0.916666666667,                       5P     34
0.00000000000,0.111111118131,0.916666666667,                           5P     35
0.00000000000,0.333333338599,0.916666666667,                           5P     36
0.00000000000,0.666666669299,0.916666666667,                           5P     37
0.00000000000,0.888888889766,0.916666666667,                           5P     38
0.00000000000,1.00000000000,0.916666666667,                            5P     39
0.00000000000,0.00000000000,1.00000000000,                             5P     40
0.00000000000,0.00000000000,1.00000000000,                             5P     41
0,0,0;                                                                 5P     42
126,1,1,1,0,1,0,                                                       7P     43
0.00000000000,0.00000000000,1.00000000000,                             7P     44
1.00000000000,1.00000000000,1.00000000000,                             7P     45
0.00000000000,0.833333333333E-01,0.00000000000,                        7P     46
0.00000000000,0.916666666667,0.00000000000,                            7P     47
0.00000000000,1.00000000000,0.00000000000,                             7P     48
0.00000000000,1.00000000000,0,0,0;                                     7P     49
126,5,3,1,0,1,0,                                                       9P     50
0.00000000000,0.00000000000,0.00000000000,                             9P     51
0.00000000000,0.333333333333,0.666666666667,                           9P     52
1.00000000000,1.00000000000,1.00000000000,                             9P     53
1.00000000000,1.00000000000,1.00000000000,                             9P     54
1.00000000000,1.00000000000,1.00000000000,                             9P     55
1.00000000000,0.789778897128E-08,0.833333333333E-01,                   9P     56
0.00000000000,0.111111118131,0.833333333333E-01,                       9P     57
0.00000000000,0.333333338599,0.833333333333E-01,                       9P     58
0.00000000000,0.666666669299,0.833333333333E-01,                       9P     59
0.00000000000,0.888888889766,0.833333333333E-01,                       9P     60
0.00000000000,1.00000000000,0.833333333333E-01,                        9P     61
0.00000000000,0.00000000000,1.00000000000,                             9P     62
0.00000000000,0.00000000000,1.00000000000,                             9P     63
0,0,0;                                                                 9P     64
102,4,3,5,7,9,0;                                                      11P     65
322,8HLINE_ATT,5002,4,1,1,1,2,2,1,2,3,4,                              13P     66
3,1,7,0,0,0,0,100000,0,0,4,2,2,                                       13P     67
-1000100.00000,0.200000000000E-02,0,0,0,0;                            13P     68
126,1,1,0,0,1,0,                                                      15P     69
0.00000000000,0.00000000000,1.00000000000,                            15P     70
1.00000000000,1.00000000000,1.00000000000,                            15P     71
0.900000000000E-02,-0.200000000000E-02,0.150000000000E-01,            15P     72
0.900000000000E-02,0.00000000000,0.150000000000E-01,                  15P     73
0.00000000000,1.00000000000,0.00000000000,                            15P     74
0.00000000000,0.00000000000,0,1,13;                                   15P     75
322,8HLINE_ATT,5002,4,1,1,1,27,2,1,2,1,4,                             17P     76
3,1,7,0,0,0,0,100000,0,0,4,2,2,                                       17P     77
-1000100.00000,0.157079632317E-01,0,0,0,0;                            17P     78
126,3,3,0,0,0,0,                                                      19P     79
0.00000000000,0.00000000000,0.00000000000,                            19P     80
0.00000000000,1.00000000000,1.00000000000,                            19P     81
1.00000000000,1.00000000000,1.00000000000,                            19P     82
0.333333333333,0.333333333333,1.00000000000,                          19P     83
0.900000000000E-02,0.00000000000,0.500000000000E-02,                  19P     84
-0.100000000000E-02,0.00000000000,0.500000000000E-02,                 19P     85
-0.100000000000E-02,0.00000000000,0.150000000000E-01,                 19P     86
0.900000000000E-02,0.00000000000,0.150000000000E-01,                  19P     87
0.00000000000,1.00000000000,0.00000000000,                            19P     88
0.00000000000,0.00000000000,0,1,17;                                   19P     89
322,8HLINE_ATT,5002,4,1,1,1,1,2,1,2,2,1,                              21P     90
3,1,7,0,0,0,0,100000,0,0,4,2,2,                                       21P     91
-1000100.00000,0.200000000000E-02,0,0,0,0;                            21P     92
126,1,1,0,0,1,0,                                                      23P     93
0.00000000000,0.00000000000,1.00000000000,                            23P     94
1.00000000000,1.00000000000,1.00000000000,                            23P     95
0.900000000000E-02,-0.200000000000E-02,0.500000000000E-02,            23P     96
0.900000000000E-02,0.00000000000,0.500000000000E-02,                  23P     97
0.00000000000,1.00000000000,0.00000000000,                            23P     98
0.00000000000,0.00000000000,0,1,21;                                   23P     99
322,8HLINE_ATT,5002,4,1,1,1,25,2,1,2,2,3,                             25P    100
3,1,7,0,0,0,0,100000,0,0,4,2,2,                                       25P    101
-1000100.00000,0.157079632317E-01,0,0,0,0;                            25P    102
126,3,3,0,0,0,0,                                                      27P    103
0.00000000000,0.00000000000,0.00000000000,                            27P    104
0.00000000000,1.00000000000,1.00000000000,                            27P    105
1.00000000000,1.00000000000,1.00000000000,                            27P    106
0.333333333333,0.333333333333,1.00000000000,                          27P    107
0.900000000000E-02,-0.200000000000E-02,0.500000000000E-02,            27P    108
-0.100000000000E-02,-0.200000000000E-02,0.500000000000E-02,           27P    109
-0.100000000000E-02,-0.200000000000E-02,0.150000000000E-01,           27P    110
0.900000000000E-02,-0.200000000000E-02,0.150000000000E-01,            27P    111
0.00000000000,1.00000000000,0.00000000000,                            27P    112
0.00000000000,0.00000000000,0,1,25;                                   27P    113
102,4,15,19,23,27,0;                                                  29P    114
142,0,1,11,29,2,0;                                                    31P    115
144,1,1,0,31,0,0;                                                     33P    116
128,1,1,1,1,0,0,                                                      35P    117
1,0,0,                                                                35P    118
0.00000000000,0.00000000000,1.00000000000,                            35P    119
1.00000000000,0.00000000000,0.00000000000,                            35P    120
1.00000000000,1.00000000000,1.00000000000,                            35P    121
1.00000000000,1.00000000000,1.00000000000,                            35P    122
0.00000000000,0.00000000000,0.200000000000E-01,                       35P    123
0.00000000000,0.00000000000,0.00000000000,                            35P    124
0.150000000000E-01,0.00000000000,0.200000000000E-01,                  35P    125
0.150000000000E-01,0.00000000000,0.00000000000,                       35P    126
0.00000000000,1.00000000000,0.00000000000,                            35P    127
1.00000000000,0,0,0;                                                  35P    128
126,1,1,1,0,1,0,                                                      37P    129
0.00000000000,0.00000000000,1.00000000000,                            37P    130
1.00000000000,1.00000000000,1.00000000000,                            37P    131
0.303576608296E-16,0.00000000000,0.00000000000,                       37P    132
1.00000000000,0.00000000000,0.00000000000,                            37P    133
0.00000000000,1.00000000000,0.00000000000,                            37P    134
0.00000000000,1.00000000000,0,0,0;                                    37P    135
126,1,1,1,0,1,0,                                                      39P    136
0.00000000000,0.00000000000,1.00000000000,                            39P    137
1.00000000000,1.00000000000,1.00000000000,                            39P    138
1.00000000000,1.00000000000,0.00000000000,                            39P    139
1.00000000000,0.00000000000,0.00000000000,                            39P    140
0.00000000000,1.00000000000,0.00000000000,                            39P    141
0.00000000000,1.00000000000,0,0,0;                                    39P    142
126,1,1,1,0,1,0,                                                      41P    143
0.00000000000,0.00000000000,1.00000000000,                            41P    144
1.00000000000,1.00000000000,1.00000000000,                            41P    145
1.00000000000,1.00000000000,0.00000000000,                            41P    146
0.00000000000,1.00000000000,0.00000000000,                            41P    147
0.00000000000,1.00000000000,0.00000000000,                            41P    148
0.00000000000,1.00000000000,0,0,0;                                    41P    149
126,1,1,1,0,1,0,                                                      43P    150
0.00000000000,0.00000000000,1.00000000000,                            43P    151
1.00000000000,1.00000000000,1.00000000000,                            43P    152
0.303576608296E-16,1.00000000000,0.00000000000,                       43P    153
0.303576608296E-16,0.00000000000,0.00000000000,                       43P    154
0.00000000000,1.00000000000,0.00000000000,                            43P    155
0.00000000000,1.00000000000,0,0,0;                                    43P    156
102,4,37,39,41,43,0;                                                  45P    157
322,8HLINE_ATT,5002,4,1,1,1,9,2,1,2,9,12,                             47P    158
3,1,7,0,0,0,0,100000,0,0,4,2,2,                                       47P    159
-1000100.00000,0.200000000000E-01,0,0,0,0;                            47P    160
126,1,1,0,0,1,0,                                                      49P    161
0.00000000000,0.00000000000,1.00000000000,                            49P    162
1.00000000000,1.00000000000,1.00000000000,                            49P    163
0.00000000000,0.00000000000,0.200000000000E-01,                       49P    164
0.00000000000,0.00000000000,0.00000000000,                            49P    165
0.00000000000,1.00000000000,0.00000000000,                            49P    166
0.00000000000,0.00000000000,0,1,47;                                   49P    167
322,8HLINE_ATT,5002,4,1,1,1,14,2,1,2,6,12,                            51P    168
3,1,7,0,0,0,0,100000,0,0,4,2,2,                                       51P    169
-1000100.00000,0.150000000000E-01,0,0,0,0;                            51P    170
126,1,1,0,0,1,0,                                                      53P    171
0.00000000000,0.00000000000,1.00000000000,                            53P    172
1.00000000000,1.00000000000,1.00000000000,                            53P    173
0.150000000000E-01,0.00000000000,0.00000000000,                       53P    174
0.00000000000,0.00000000000,0.00000000000,                            53P    175
0.00000000000,1.00000000000,0.00000000000,                            53P    176
0.00000000000,0.00000000000,0,1,51;                                   53P    177
322,8HLINE_ATT,5002,4,1,1,1,5,2,1,2,6,5,                              55P    178
3,1,7,0,0,0,0,100000,0,0,4,2,2,                                       55P    179
-1000100.00000,0.200000000000E-01,0,0,0,0;                            55P    180
126,1,1,0,0,1,0,                                                      57P    181
0.00000000000,0.00000000000,1.00000000000,                            57P    182
1.00000000000,1.00000000000,1.00000000000,                            57P    183
0.150000000000E-01,0.00000000000,0.520417042793E-18,                  57P    184
0.150000000000E-01,0.00000000000,0.200000000000E-01,                  57P    185
0.00000000000,1.00000000000,0.00000000000,                            57P    186
0.00000000000,0.00000000000,0,1,55;                                   57P    187
322,8HLINE_ATT,5002,4,1,1,1,10,2,1,2,5,9,                             59P    188
3,1,7,0,0,0,0,100000,0,0,4,2,2,                                       59P    189
-1000100.00000,0.150000000000E-01,0,0,0,0;                            59P    190
126,1,1,0,0,1,0,                                                      61P    191
0.00000000000,0.00000000000,1.00000000000,                            61P    192
1.00000000000,1.00000000000,1.00000000000,                            61P    193
0.150000000000E-01,0.00000000000,0.200000000000E-01,                  61P    194
0.00000000000,0.00000000000,0.200000000000E-01,                       61P    195
0.00000000000,1.00000000000,0.00000000000,                            61P    196
0.00000000000,0.00000000000,0,1,59;                                   61P    197
102,4,49,53,57,61,0;                                                  63P    198
142,0,35,45,63,2,0;                                                   65P    199
126,3,3,1,0,0,0,                                                      67P    200
0.00000000000,0.00000000000,0.00000000000,                            67P    201
0.00000000000,1.00000000000,1.00000000000,                            67P    202
1.00000000000,1.00000000000,1.00000000000,                            67P    203
0.333333333333,0.333333333333,1.00000000000,                          67P    204
0.750000000000,0.600000000000,0.00000000000,                          67P    205
0.750000000000,0.00000000000,0.00000000000,                           67P    206
0.250000000000,0.00000000000,0.00000000000,                           67P    207
0.250000000000,0.600000000000,0.00000000000,                          67P    208
0.00000000000,1.00000000000,0.00000000000,                            67P    209
0.00000000000,1.00000000000,0,0,0;                                    67P    210
126,3,3,1,0,0,0,                                                      69P    211
0.00000000000,0.00000000000,0.00000000000,                            69P    212
0.00000000000,1.00000000000,1.00000000000,                            69P    213
1.00000000000,1.00000000000,1.00000000000,                            69P    214
0.333333333333,0.333333333333,1.00000000000,                          69P    215
0.250000000000,0.600000000000,0.00000000000,                          69P    216
0.250000000000,1.00000000000,0.00000000000,                           69P    217
0.750000000000,1.00000000000,0.00000000000,                           69P    218
0.750000000000,0.600000000000,0.00000000000,                          69P    219
0.00000000000,1.00000000000,0.00000000000,                            69P    220
0.00000000000,1.00000000000,0,0,0;                                    69P    221
102,2,67,69,0,0,0;                                                    71P    222
322,8HLINE_ATT,5002,2,1,1,1,27,2,1,2,1,4;                             73P    223
126,3,3,0,0,0,0,                                                      75P    224
0.00000000000,0.00000000000,0.00000000000,                            75P    225
0.00000000000,1.00000000000,1.00000000000,                            75P    226
1.00000000000,1.00000000000,1.00000000000,                            75P    227
0.333333333333,0.333333333333,1.00000000000,                          75P    228
0.900000000000E-02,0.00000000000,0.500000000000E-02,                  75P    229
-0.100000000000E-02,0.00000000000,0.500000000000E-02,                 75P    230
-0.100000000000E-02,0.00000000000,0.150000000000E-01,                 75P    231
0.900000000000E-02,0.00000000000,0.150000000000E-01,                  75P    232
0.00000000000,1.00000000000,0.00000000000,                            75P    233
0.00000000000,0.00000000000,0,1,73;                                   75P    234
322,8HLINE_ATT,5002,4,1,1,1,26,2,1,2,4,1,                             77P    235
3,1,7,0,0,0,0,100000,0,0,4,2,2,                                       77P    236
-1000100.00000,0.157079632317E-01,0,0,0,0;                            77P    237
126,3,3,0,0,0,0,                                                      79P    238
0.00000000000,0.00000000000,0.00000000000,                            79P    239
0.00000000000,1.00000000000,1.00000000000,                            79P    240
1.00000000000,1.00000000000,1.00000000000,                            79P    241
0.333333333333,0.333333333333,1.00000000000,                          79P    242
0.900000000000E-02,0.00000000000,0.150000000000E-01,                  79P    243
0.190000000000E-01,0.00000000000,0.150000000000E-01,                  79P    244
0.190000000000E-01,0.00000000000,0.500000000000E-02,                  79P    245
0.900000000000E-02,0.00000000000,0.500000000000E-02,                  79P    246
0.00000000000,1.00000000000,0.00000000000,                            79P    247
0.00000000000,0.00000000000,0,1,77;                                   79P    248
102,2,75,79,0,0,0;                                                    81P    249
142,0,35,71,81,2,0;                                                   83P    250
144,35,1,1,65,83,0;                                                   85P    251
128,1,1,1,1,0,0,                                                      87P    252
1,0,0,                                                                87P    253
0.00000000000,0.00000000000,1.00000000000,                            87P    254
1.00000000000,0.00000000000,0.00000000000,                            87P    255
1.00000000000,1.00000000000,1.00000000000,                            87P    256
1.00000000000,1.00000000000,1.00000000000,                            87P    257
0.00000000000,-0.200000000000E-02,0.200000000000E-01,                 87P    258
0.00000000000,-0.200000000000E-02,0.00000000000,                      87P    259
0.00000000000,0.00000000000,0.200000000000E-01,                       87P    260
0.00000000000,0.00000000000,0.00000000000,                            87P    261
0.00000000000,1.00000000000,0.00000000000,                            87P    262
1.00000000000,0,0,0;                                                  87P    263
126,1,1,1,0,1,0,                                                      89P    264
0.00000000000,0.00000000000,1.00000000000,                            89P    265
1.00000000000,1.00000000000,1.00000000000,                            89P    266
0.303576608296E-16,1.00000000000,0.00000000000,                       89P    267
1.00000000000,1.00000000000,0.00000000000,                            89P    268
0.00000000000,1.00000000000,0.00000000000,                            89P    269
0.00000000000,1.00000000000,0,0,0;                                    89P    270
126,1,1,1,0,1,0,                                                      91P    271
0.00000000000,0.00000000000,1.00000000000,                            91P    272
1.00000000000,1.00000000000,1.00000000000,                            91P    273
0.303576608296E-16,1.00000000000,0.00000000000,                       91P    274
0.303576608296E-16,0.00000000000,0.00000000000,                       91P    275
0.00000000000,1.00000000000,0.00000000000,                            91P    276
0.00000000000,1.00000000000,0,0,0;                                    91P    277
126,1,1,1,0,1,0,                                                      93P    278
0.00000000000,0.00000000000,1.00000000000,                            93P    279
1.00000000000,1.00000000000,1.00000000000,                            93P    280
0.303576608296E-16,0.00000000000,0.00000000000,                       93P    281
1.00000000000,0.00000000000,0.00000000000,                            93P    282
0.00000000000,1.00000000000,0.00000000000,                            93P    283
0.00000000000,1.00000000000,0,0,0;                                    93P    284
126,1,1,1,0,1,0,                                                      95P    285
0.00000000000,0.00000000000,1.00000000000,                            95P    286
1.00000000000,1.00000000000,1.00000000000,                            95P    287
1.00000000000,1.00000000000,0.00000000000,                            95P    288
1.00000000000,0.00000000000,0.00000000000,                            95P    289
0.00000000000,1.00000000000,0.00000000000,                            95P    290
0.00000000000,1.00000000000,0,0,0;                                    95P    291
102,4,89,91,93,95,0;                                                  97P    292
322,8HLINE_ATT,5002,2,1,1,1,9,2,1,2,9,12;                             99P    293
126,1,1,0,0,1,0,                                                     101P    294
0.00000000000,0.00000000000,1.00000000000,                           101P    295
1.00000000000,1.00000000000,1.00000000000,                           101P    296
0.00000000000,0.00000000000,0.200000000000E-01,                      101P    297
0.00000000000,0.00000000000,0.00000000000,                           101P    298
0.00000000000,1.00000000000,0.00000000000,                           101P    299
0.00000000000,0.00000000000,0,1,99;                                  101P    300
322,8HLINE_ATT,5002,4,1,1,1,13,2,1,2,9,11,                           103P    301
3,1,7,0,0,0,0,100000,0,0,4,2,2,                                      103P    302
-1000100.00000,0.200000000000E-02,0,0,0,0;                           103P    303
126,1,1,0,0,1,0,                                                     105P    304
0.00000000000,0.00000000000,1.00000000000,                           105P    305
1.00000000000,1.00000000000,1.00000000000,                           105P    306
0.00000000000,0.00000000000,0.200000000000E-01,                      105P    307
0.00000000000,-0.200000000000E-02,0.200000000000E-01,                105P    308
0.00000000000,1.00000000000,0.00000000000,                           105P    309
0.00000000000,0.00000000000,0,1,103;                                 105P    310
322,8HLINE_ATT,5002,4,1,1,1,7,2,1,2,11,14,                           107P    311
3,1,7,0,0,0,0,100000,0,0,4,2,2,                                      107P    312
-1000100.00000,0.200000000000E-01,0,0,0,0;                           107P    313
126,1,1,0,0,1,0,                                                     109P    314
0.00000000000,0.00000000000,1.00000000000,                           109P    315
1.00000000000,1.00000000000,1.00000000000,                           109P    316
0.00000000000,-0.200000000000E-02,0.200000000000E-01,                109P    317
0.00000000000,-0.200000000000E-02,0.00000000000,                     109P    318
0.00000000000,1.00000000000,0.00000000000,                           109P    319
0.00000000000,0.00000000000,0,1,107;                                 109P    320
322,8HLINE_ATT,5002,4,1,1,1,17,2,1,2,12,14,                          111P    321
3,1,7,0,0,0,0,100000,0,0,4,2,2,                                      111P    322
-1000100.00000,0.200000000000E-02,0,0,0,0;                           111P    323
126,1,1,0,0,1,0,                                                     113P    324
0.00000000000,0.00000000000,1.00000000000,                           113P    325
1.00000000000,1.00000000000,1.00000000000,                           113P    326
0.00000000000,0.00000000000,0.00000000000,                           113P    327
0.00000000000,-0.200000000000E-02,0.00000000000,                     113P    328
0.00000000000,1.00000000000,0.00000000000,                           113P    329
0.00000000000,0.00000000000,0,1,111;                                 113P    330
102,4,101,105,109,113,0;                                             115P    331
142,0,87,97,115,2,0;                                                 117P    332
144,87,1,0,117,0,0;                                                  119P    333
128,1,1,1,1,0,0,                                                     121P    334
1,0,0,                                                               121P    335
0.00000000000,0.00000000000,1.00000000000,                           121P    336
1.00000000000,0.00000000000,0.00000000000,                           121P    337
1.00000000000,1.00000000000,1.00000000000,                           121P    338
1.00000000000,1.00000000000,1.00000000000,                           121P    339
0.00000000000,-0.200000000000E-02,0.00000000000,                     121P    340
0.00000000000,-0.200000000000E-02,0.200000000000E-01,                121P    341
0.200000000000E-01,-0.200000000000E-02,0.00000000000,                121P    342
0.200000000000E-01,-0.200000000000E-02,0.200000000000E-01,           121P    343
0.00000000000,1.00000000000,0.00000000000,                           121P    344
1.00000000000,0,0,0;                                                 121P    345
126,1,1,1,0,1,0,                                                     123P    346
0.00000000000,0.00000000000,1.00000000000,                           123P    347
1.00000000000,1.00000000000,1.00000000000,                           123P    348
1.00000000000,0.00000000000,0.00000000000,                           123P    349
0.00000000000,0.00000000000,0.00000000000,                           123P    350
0.00000000000,1.00000000000,0.00000000000,                           123P    351
0.00000000000,1.00000000000,0,0,0;                                   123P    352
126,1,1,1,0,1,0,                                                     125P    353
0.00000000000,0.00000000000,1.00000000000,                           125P    354
1.00000000000,1.00000000000,1.00000000000,                           125P    355
1.00000000000,0.00000000000,0.00000000000,                           125P    356
1.00000000000,1.00000000000,0.00000000000,                           125P    357
0.00000000000,1.00000000000,0.00000000000,                           125P    358
0.00000000000,1.00000000000,0,0,0;                                   125P    359
126,1,1,1,0,1,0,                                                     127P    360
0.00000000000,0.00000000000,1.00000000000,                           127P    361
1.00000000000,1.00000000000,1.00000000000,                           127P    362
1.00000000000,1.00000000000,0.00000000000,                           127P    363
0.00000000000,1.00000000000,0.00000000000,                           127P    364
0.00000000000,1.00000000000,0.00000000000,                           127P    365
0.00000000000,1.00000000000,0,0,0;                                   127P    366
126,1,1,1,0,1,0,                                                     129P    367
0.00000000000,0.00000000000,1.00000000000,                           129P    368
1.00000000000,1.00000000000,1.00000000000,                           129P    369
0.00000000000,0.00000000000,0.00000000000,                           129P    370
0.00000000000,1.00000000000,0.00000000000,                           129P    371
0.00000000000,1.00000000000,0.00000000000,                           129P    372
0.00000000000,1.00000000000,0,0,0;                                   129P    373
102,4,123,125,127,129,0;                                             131P    374
322,8HLINE_ATT,5002,2,1,1,1,7,2,1,2,11,14;                           133P    375
126,1,1,0,0,1,0,                                                     135P    376
0.00000000000,0.00000000000,1.00000000000,                           135P    377
1.00000000000,1.00000000000,1.00000000000,                           135P    378
0.00000000000,-0.200000000000E-02,0.200000000000E-01,                135P    379
0.00000000000,-0.200000000000E-02,0.00000000000,                     135P    380
0.00000000000,1.00000000000,0.00000000000,                           135P    381
0.00000000000,0.00000000000,0,1,133;                                 135P    382
322,8HLINE_ATT,5002,4,1,1,1,12,2,1,2,11,10,                          137P    383
3,1,7,0,0,0,0,100000,0,0,4,2,2,                                      137P    384
-1000100.00000,0.200000000000E-01,0,0,0,0;                           137P    385
126,1,1,0,0,1,0,                                                     139P    386
0.00000000000,0.00000000000,1.00000000000,                           139P    387
1.00000000000,1.00000000000,1.00000000000,                           139P    388
0.00000000000,-0.200000000000E-02,0.200000000000E-01,                139P    389
0.200000000000E-01,-0.200000000000E-02,0.200000000000E-01,           139P    390
0.00000000000,1.00000000000,0.00000000000,                           139P    391
0.00000000000,0.00000000000,0,1,137;                                 139P    392
322,8HLINE_ATT,5002,4,1,1,1,8,2,1,2,10,13,                           141P    393
3,1,7,0,0,0,0,100000,0,0,4,2,2,                                      141P    394
-1000100.00000,0.200000000000E-01,0,0,0,0;                           141P    395
126,1,1,0,0,1,0,                                                     143P    396
0.00000000000,0.00000000000,1.00000000000,                           143P    397
1.00000000000,1.00000000000,1.00000000000,                           143P    398
0.200000000000E-01,-0.200000000000E-02,0.200000000000E-01,           143P    399
0.200000000000E-01,-0.200000000000E-02,0.00000000000,                143P    400
0.00000000000,1.00000000000,0.00000000000,                           143P    401
0.00000000000,0.00000000000,0,1,141;                                 143P    402
322,8HLINE_ATT,5002,4,1,1,1,16,2,1,2,14,13,                          145P    403
3,1,7,0,0,0,0,100000,0,0,4,2,2,                                      145P    404
-1000100.00000,0.200000000000E-01,0,0,0,0;                           145P    405
126,1,1,0,0,1,0,                                                     147P    406
0.00000000000,0.00000000000,1.00000000000,                           147P    407
1.00000000000,1.00000000000,1.00000000000,                           147P    408
0.00000000000,-0.200000000000E-02,0.00000000000,                     147P    409
0.200000000000E-01,-0.200000000000E-02,0.00000000000,                147P    410
0.00000000000,1.00000000000,0.00000000000,                           147P    411
0.00000000000,0.00000000000,0,1,145;                                 147P    412
102,4,135,139,143,147,0;                                             149P    413
142,0,121,131,149,2,0;                                               151P    414
126,3,3,1,0,0,0,                                                     153P    415
0.00000000000,0.00000000000,0.00000000000,                           153P    416
0.00000000000,1.00000000000,1.00000000000,                           153P    417
1.00000000000,1.00000000000,1.00000000000,                           153P    418
0.333333333333,0.333333333333,1.00000000000,                         153P    419
0.250000000000,0.450000000000,0.00000000000,                         153P    420
0.250000000000,0.00000000000,0.00000000000,                          153P    421
0.750000000000,0.00000000000,0.00000000000,                          153P    422
0.750000000000,0.450000000000,0.00000000000,                         153P    423
0.00000000000,1.00000000000,0.00000000000,                           153P    424
0.00000000000,1.00000000000,0,0,0;                                   153P    425
126,3,3,1,0,0,0,                                                     155P    426
0.00000000000,0.00000000000,0.00000000000,                           155P    427
0.00000000000,1.00000000000,1.00000000000,                           155P    428
1.00000000000,1.00000000000,1.00000000000,                           155P    429
0.333333333333,0.333333333333,1.00000000000,                         155P    430
0.750000000000,0.450000000000,0.00000000000,                         155P    431
0.750000000000,0.950000000000,0.00000000000,                         155P    432
0.250000000000,0.950000000000,0.00000000000,                         155P    433
0.250000000000,0.450000000000,0.00000000000,                         155P    434
0.00000000000,1.00000000000,0.00000000000,                           155P    435
0.00000000000,1.00000000000,0,0,0;                                   155P    436
102,2,153,155,0,0,0;                                                 157P    437
322,8HLINE_ATT,5002,2,1,1,1,25,2,1,2,2,3;                            159P    438
126,3,3,0,0,0,0,                                                     161P    439
0.00000000000,0.00000000000,0.00000000000,                           161P    440
0.00000000000,1.00000000000,1.00000000000,                           161P    441
1.00000000000,1.00000000000,1.00000000000,                           161P    442
0.333333333333,0.333333333333,1.00000000000,                         161P    443
0.900000000000E-02,-0.200000000000E-02,0.500000000000E-02,           161P    444
-0.100000000000E-02,-0.200000000000E-02,0.500000000000E-02,          161P    445
-0.100000000000E-02,-0.200000000000E-02,0.150000000000E-01,          161P    446
0.900000000000E-02,-0.200000000000E-02,0.150000000000E-01,           161P    447
0.00000000000,1.00000000000,0.00000000000,                           161P    448
0.00000000000,0.00000000000,0,1,159;                                 161P    449
322,8HLINE_ATT,5002,4,1,1,1,24,2,1,2,3,2,                            163P    450
3,1,7,0,0,0,0,100000,0,0,4,2,2,                                      163P    451
-1000100.00000,0.157079632317E-01,0,0,0,0;                           163P    452
126,3,3,0,0,0,0,                                                     165P    453
0.00000000000,0.00000000000,0.00000000000,                           165P    454
0.00000000000,1.00000000000,1.00000000000,                           165P    455
1.00000000000,1.00000000000,1.00000000000,                           165P    456
0.333333333333,0.333333333333,1.00000000000,                         165P    457
0.900000000000E-02,-0.200000000000E-02,0.150000000000E-01,           165P    458
0.190000000000E-01,-0.200000000000E-02,0.150000000000E-01,           165P    459
0.190000000000E-01,-0.200000000000E-02,0.500000000000E-02,           165P    460
0.900000000000E-02,-0.200000000000E-02,0.500000000000E-02,           165P    461
0.00000000000,1.00000000000,0.00000000000,                           165P    462
0.00000000000,0.00000000000,0,1,163;                                 165P    463
102,2,161,165,0,0,0;                                                 167P    464
142,0,121,157,167,2,0;                                               169P    465
144,121,1,1,151,169,0;                                               171P    466
128,1,1,1,1,0,0,                                                     173P    467
1,0,0,                                                               173P    468
0.00000000000,0.00000000000,1.00000000000,                           173P    469
1.00000000000,0.00000000000,0.00000000000,                           173P    470
1.00000000000,1.00000000000,1.00000000000,                           173P    471
1.00000000000,1.00000000000,1.00000000000,                           173P    472
0.200000000000E-01,-0.200000000000E-02,0.00000000000,                173P    473
0.200000000000E-01,-0.200000000000E-02,0.200000000000E-01,           173P    474
0.200000000000E-01,0.200000000000E-01,0.00000000000,                 173P    475
0.200000000000E-01,0.200000000000E-01,0.200000000000E-01,            173P    476
0.00000000000,1.00000000000,0.00000000000,                           173P    477
1.00000000000,0,0,0;                                                 173P    478
126,1,1,1,0,1,0,                                                     175P    479
0.00000000000,0.00000000000,1.00000000000,                           175P    480
1.00000000000,1.00000000000,1.00000000000,                           175P    481
1.00000000000,0.00000000000,0.00000000000,                           175P    482
0.00000000000,0.00000000000,0.00000000000,                           175P    483
0.00000000000,1.00000000000,0.00000000000,                           175P    484
0.00000000000,1.00000000000,0,0,0;                                   175P    485
126,1,1,1,0,1,0,                                                     177P    486
0.00000000000,0.00000000000,1.00000000000,                           177P    487
1.00000000000,1.00000000000,1.00000000000,                           177P    488
1.00000000000,0.00000000000,0.00000000000,                           177P    489
1.00000000000,1.00000000000,0.00000000000,                           177P    490
0.00000000000,1.00000000000,0.00000000000,                           177P    491
0.00000000000,1.00000000000,0,0,0;                                   177P    492
126,1,1,1,0,1,0,                                                     179P    493
0.00000000000,0.00000000000,1.00000000000,                           179P    494
1.00000000000,1.00000000000,1.00000000000,                           179P    495
1.00000000000,1.00000000000,0.00000000000,                           179P    496
0.00000000000,1.00000000000,0.00000000000,                           179P    497
0.00000000000,1.00000000000,0.00000000000,                           179P    498
0.00000000000,1.00000000000,0,0,0;                                   179P    499
126,1,1,1,0,1,0,                                                     181P    500
0.00000000000,0.00000000000,1.00000000000,                           181P    501
1.00000000000,1.00000000000,1.00000000000,                           181P    502
0.00000000000,0.00000000000,0.00000000000,                           181P    503
0.00000000000,1.00000000000,0.00000000000,                           181P    504
0.00000000000,1.00000000000,0.00000000000,                           181P    505
0.00000000000,1.00000000000,0,0,0;                                   181P    506
102,4,175,177,179,181,0;                                             183P    507
322,8HLINE_ATT,5002,2,1,1,1,8,2,1,2,10,13;                           185P    508
126,1,1,0,0,1,0,                                                     187P    509
0.00000000000,0.00000000000,1.00000000000,                           187P    510
1.00000000000,1.00000000000,1.00000000000,                           187P    511
0.200000000000E-01,-0.200000000000E-02,0.200000000000E-01,           187P    512
0.200000000000E-01,-0.200000000000E-02,0.00000000000,                187P    513
0.00000000000,1.00000000000,0.00000000000,                           187P    514
0.00000000000,0.00000000000,0,1,185;                                 187P    515
322,8HLINE_ATT,5002,4,1,1,1,11,2,1,2,10,15,                          189P    516
3,1,7,0,0,0,0,100000,0,0,4,2,2,                                      189P    517
-1000100.00000,0.220000000000E-01,0,0,0,0;                           189P    518
126,1,1,0,0,1,0,                                                     191P    519
0.00000000000,0.00000000000,1.00000000000,                           191P    520
1.00000000000,1.00000000000,1.00000000000,                           191P    521
0.200000000000E-01,-0.200000000000E-02,0.200000000000E-01,           191P    522
0.200000000000E-01,0.200000000000E-01,0.200000000000E-01,            191P    523
0.00000000000,1.00000000000,0.00000000000,                           191P    524
0.00000000000,0.00000000000,0,1,189;                                 191P    525
322,8HLINE_ATT,5002,4,1,1,1,23,2,1,2,15,18,                          193P    526
3,1,7,0,0,0,0,100000,0,0,4,2,2,                                      193P    527
-1000100.00000,0.200000000000E-01,0,0,0,0;                           193P    528
126,1,1,0,0,1,0,                                                     195P    529
0.00000000000,0.00000000000,1.00000000000,                           195P    530
1.00000000000,1.00000000000,1.00000000000,                           195P    531
0.200000000000E-01,0.200000000000E-01,0.200000000000E-01,            195P    532
0.200000000000E-01,0.200000000000E-01,0.00000000000,                 195P    533
0.00000000000,1.00000000000,0.00000000000,                           195P    534
0.00000000000,0.00000000000,0,1,193;                                 195P    535
322,8HLINE_ATT,5002,4,1,1,1,15,2,1,2,13,18,                          197P    536
3,1,7,0,0,0,0,100000,0,0,4,2,2,                                      197P    537
-1000100.00000,0.220000000000E-01,0,0,0,0;                           197P    538
126,1,1,0,0,1,0,                                                     199P    539
0.00000000000,0.00000000000,1.00000000000,                           199P    540
1.00000000000,1.00000000000,1.00000000000,                           199P    541
0.200000000000E-01,-0.200000000000E-02,0.00000000000,                199P    542
0.200000000000E-01,0.200000000000E-01,0.00000000000,                 199P    543
0.00000000000,1.00000000000,0.00000000000,                           199P    544
0.00000000000,0.00000000000,0,1,197;                                 199P    545
102,4,187,191,195,199,0;                                             201P    546
142,0,173,183,201,2,0;                                               203P    547
144,173,1,0,203,0,0;                                                 205P    548
128,1,1,1,1,0,0,                                                     207P    549
1,0,0,                                                               207P    550
0.00000000000,0.00000000000,1.00000000000,                           207P    551
1.00000000000,0.00000000000,0.00000000000,                           207P    552
1.00000000000,1.00000000000,1.00000000000,                           207P    553
1.00000000000,1.00000000000,1.00000000000,                           207P    554
0.00000000000,-0.200000000000E-02,0.200000000000E-01,                207P    555
0.200000000000E-01,-0.200000000000E-02,0.200000000000E-01,           207P    556
0.00000000000,0.200000000000E-01,0.200000000000E-01,                 207P    557
0.200000000000E-01,0.200000000000E-01,0.200000000000E-01,            207P    558
0.00000000000,1.00000000000,0.00000000000,                           207P    559
1.00000000000,0,0,0;                                                 207P    560
126,1,1,1,0,1,0,                                                     209P    561
0.00000000000,0.00000000000,1.00000000000,                           209P    562
1.00000000000,1.00000000000,1.00000000000,                           209P    563
0.00000000000,0.909090909091E-01,0.00000000000,                      209P    564
0.00000000000,0.00000000000,0.00000000000,                           209P    565
0.00000000000,1.00000000000,0.00000000000,                           209P    566
0.00000000000,1.00000000000,0,0,0;                                   209P    567
126,1,1,1,0,1,0,                                                     211P    568
0.00000000000,0.00000000000,1.00000000000,                           211P    569
1.00000000000,1.00000000000,1.00000000000,                           211P    570
0.00000000000,0.00000000000,0.00000000000,                           211P    571
1.00000000000,0.00000000000,0.00000000000,                           211P    572
0.00000000000,1.00000000000,0.00000000000,                           211P    573
0.00000000000,1.00000000000,0,0,0;                                   211P    574
126,1,1,1,0,1,0,                                                     213P    575
0.00000000000,0.00000000000,1.00000000000,                           213P    576
1.00000000000,1.00000000000,1.00000000000,                           213P    577
1.00000000000,0.00000000000,0.00000000000,                           213P    578
1.00000000000,1.00000000000,0.00000000000,                           213P    579
0.00000000000,1.00000000000,0.00000000000,                           213P    580
0.00000000000,1.00000000000,0,0,0;                                   213P    581
126,1,1,1,0,1,0,                                                     215P    582
0.00000000000,0.00000000000,1.00000000000,                           215P    583
1.00000000000,1.00000000000,1.00000000000,                           215P    584
0.900000000000,1.00000000000,0.00000000000,                          215P    585
1.00000000000,1.00000000000,0.00000000000,                           215P    586
0.00000000000,1.00000000000,0.00000000000,                           215P    587
0.00000000000,1.00000000000,0,0,0;                                   215P    588
126,1,1,1,0,1,0,                                                     217P    589
0.00000000000,0.00000000000,1.00000000000,                           217P    590
1.00000000000,1.00000000000,1.00000000000,                           217P    591
0.900000000000,1.00000000000,0.00000000000,                          217P    592
0.900000000000,0.227272727273,0.00000000000,                         217P    593
0.00000000000,1.00000000000,0.00000000000,                           217P    594
0.00000000000,1.00000000000,0,0,0;                                   217P    595
126,3,3,1,0,0,0,                                                     219P    596
0.00000000000,0.00000000000,0.00000000000,                           219P    597
0.00000000000,1.00000000000,1.00000000000,                           219P    598
1.00000000000,1.00000000000,1.00000000000,                           219P    599
0.804737854124,0.804737854124,1.00000000000,                         219P    600
0.750000000000,0.909090909091E-01,0.00000000000,                     219P    601
0.837867965644,0.909090909091E-01,0.00000000000,                     219P    602
0.900000000000,0.147392758505,0.00000000000,                         219P    603
0.900000000000,0.227272727273,0.00000000000,                         219P    604
0.00000000000,1.00000000000,0.00000000000,                           219P    605
0.00000000000,1.00000000000,0,0,0;                                   219P    606
126,1,1,1,0,1,0,                                                     221P    607
0.00000000000,0.00000000000,1.00000000000,                           221P    608
1.00000000000,1.00000000000,1.00000000000,                           221P    609
0.750000000000,0.909090909091E-01,0.00000000000,                     221P    610
0.00000000000,0.909090909091E-01,0.00000000000,                      221P    611
0.00000000000,1.00000000000,0.00000000000,                           221P    612
0.00000000000,1.00000000000,0,0,0;                                   221P    613
102,7,209,211,213,215,217,                                           223P    614
219,221,0,0,0,0;                                                     223P    615
322,8HLINE_ATT,5002,2,1,1,1,13,2,1,2,9,11;                           225P    616
126,1,1,0,0,1,0,                                                     227P    617
0.00000000000,0.00000000000,1.00000000000,                           227P    618
1.00000000000,1.00000000000,1.00000000000,                           227P    619
0.00000000000,0.00000000000,0.200000000000E-01,                      227P    620
0.00000000000,-0.200000000000E-02,0.200000000000E-01,                227P    621
0.00000000000,1.00000000000,0.00000000000,                           227P    622
0.00000000000,0.00000000000,0,1,225;                                 227P    623
322,8HLINE_ATT,5002,2,1,1,1,12,2,1,2,11,10;                          229P    624
126,1,1,0,0,1,0,                                                     231P    625
0.00000000000,0.00000000000,1.00000000000,                           231P    626
1.00000000000,1.00000000000,1.00000000000,                           231P    627
0.00000000000,-0.200000000000E-02,0.200000000000E-01,                231P    628
0.200000000000E-01,-0.200000000000E-02,0.200000000000E-01,           231P    629
0.00000000000,1.00000000000,0.00000000000,                           231P    630
0.00000000000,0.00000000000,0,1,229;                                 231P    631
322,8HLINE_ATT,5002,2,1,1,1,11,2,1,2,10,15;                          233P    632
126,1,1,0,0,1,0,                                                     235P    633
0.00000000000,0.00000000000,1.00000000000,                           235P    634
1.00000000000,1.00000000000,1.00000000000,                           235P    635
0.200000000000E-01,-0.200000000000E-02,0.200000000000E-01,           235P    636
0.200000000000E-01,0.200000000000E-01,0.200000000000E-01,            235P    637
0.00000000000,1.00000000000,0.00000000000,                           235P    638
0.00000000000,0.00000000000,0,1,233;                                 235P    639
322,8HLINE_ATT,5002,4,1,1,1,20,2,1,2,16,15,                          237P    640
3,1,7,0,0,0,0,100000,0,0,4,2,2,                                      237P    641
-1000100.00000,0.200000000000E-02,0,0,0,0;                           237P    642
126,1,1,0,0,1,0,                                                     239P    643
0.00000000000,0.00000000000,1.00000000000,                           239P    644
1.00000000000,1.00000000000,1.00000000000,                           239P    645
0.180000000000E-01,0.200000000000E-01,0.200000000000E-01,            239P    646
0.200000000000E-01,0.200000000000E-01,0.200000000000E-01,            239P    647
0.00000000000,1.00000000000,0.00000000000,                           239P    648
0.00000000000,0.00000000000,0,1,237;                                 239P    649
322,8HLINE_ATT,5002,4,1,1,1,19,2,1,2,16,8,                           241P    650
3,1,7,0,0,0,0,100000,0,0,4,2,2,                                      241P    651
-1000100.00000,0.170000000000E-01,0,0,0,0;                           241P    652
126,1,1,0,0,1,0,                                                     243P    653
0.00000000000,0.00000000000,1.00000000000,                           243P    654
1.00000000000,1.00000000000,1.00000000000,                           243P    655
0.180000000000E-01,0.200000000000E-01,0.200000000000E-01,            243P    656
0.180000000000E-01,0.300000000000E-02,0.200000000000E-01,            243P    657
0.00000000000,1.00000000000,0.00000000000,                           243P    658
0.00000000000,0.00000000000,0,1,241;                                 243P    659
322,8HLINE_ATT,5002,4,1,1,1,4,2,1,2,5,8,                             245P    660
3,1,7,0,0,0,0,100000,0,0,4,2,2,                                      245P    661
-1000100.00000,0.471238898077E-02,0,0,0,0;                           245P    662
126,3,3,0,0,0,0,                                                     247P    663
0.00000000000,0.00000000000,0.00000000000,                           247P    664
0.00000000000,1.00000000000,1.00000000000,                           247P    665
1.00000000000,1.00000000000,1.00000000000,                           247P    666
0.804737854124,0.804737854124,1.00000000000,                         247P    667
0.150000000000E-01,0.00000000000,0.200000000000E-01,                 247P    668
0.167573593129E-01,-0.322821668621E-18,0.200000000000E-01,           247P    669
0.180000000000E-01,0.124264068712E-02,0.200000000000E-01,            247P    670
0.180000000000E-01,0.300000000000E-02,0.200000000000E-01,            247P    671
0.00000000000,1.00000000000,0.00000000000,                           247P    672
0.00000000000,0.00000000000,0,1,245;                                 247P    673
322,8HLINE_ATT,5002,2,1,1,1,10,2,1,2,5,9;                            249P    674
126,1,1,0,0,1,0,                                                     251P    675
0.00000000000,0.00000000000,1.00000000000,                           251P    676
1.00000000000,1.00000000000,1.00000000000,                           251P    677
0.150000000000E-01,0.00000000000,0.200000000000E-01,                 251P    678
0.00000000000,0.00000000000,0.200000000000E-01,                      251P    679
0.00000000000,1.00000000000,0.00000000000,                           251P    680
0.00000000000,0.00000000000,0,1,249;                                 251P    681
102,7,227,231,235,239,243,                                           253P    682
247,251,0,0,0,0;                                                     253P    683
142,0,207,223,253,2,0;                                               255P    684
144,207,1,0,255,0,0;                                                 257P    685
128,1,1,1,1,0,0,                                                     259P    686
1,0,0,                                                               259P    687
0.00000000000,0.00000000000,1.00000000000,                           259P    688
1.00000000000,0.00000000000,0.00000000000,                           259P    689
1.00000000000,1.00000000000,1.00000000000,                           259P    690
1.00000000000,1.00000000000,1.00000000000,                           259P    691
0.00000000000,-0.200000000000E-02,0.00000000000,                     259P    692
0.200000000000E-01,-0.200000000000E-02,0.00000000000,                259P    693
0.00000000000,0.200000000000E-01,0.00000000000,                      259P    694
0.200000000000E-01,0.200000000000E-01,0.00000000000,                 259P    695
0.00000000000,1.00000000000,0.00000000000,                           259P    696
1.00000000000,0,0,0;                                                 259P    697
126,1,1,1,0,1,0,                                                     261P    698
0.00000000000,0.00000000000,1.00000000000,                           261P    699
1.00000000000,1.00000000000,1.00000000000,                           261P    700
0.00000000000,0.00000000000,0.00000000000,                           261P    701
1.00000000000,0.00000000000,0.00000000000,                           261P    702
0.00000000000,1.00000000000,0.00000000000,                           261P    703
0.00000000000,1.00000000000,0,0,0;                                   261P    704
126,1,1,1,0,1,0,                                                     263P    705
0.00000000000,0.00000000000,1.00000000000,                           263P    706
1.00000000000,1.00000000000,1.00000000000,                           263P    707
1.00000000000,0.00000000000,0.00000000000,                           263P    708
1.00000000000,1.00000000000,0.00000000000,                           263P    709
0.00000000000,1.00000000000,0.00000000000,                           263P    710
0.00000000000,1.00000000000,0,0,0;                                   263P    711
126,1,1,1,0,1,0,                                                     265P    712
0.00000000000,0.00000000000,1.00000000000,                           265P    713
1.00000000000,1.00000000000,1.00000000000,                           265P    714
1.00000000000,1.00000000000,0.00000000000,                           265P    715
0.900000000000,1.00000000000,0.00000000000,                          265P    716
0.00000000000,1.00000000000,0.00000000000,                           265P    717
0.00000000000,1.00000000000,0,0,0;                                   265P    718
126,1,1,1,0,1,0,                                                     267P    719
0.00000000000,0.00000000000,1.00000000000,                           267P    720
1.00000000000,1.00000000000,1.00000000000,                           267P    721
0.900000000000,1.00000000000,0.00000000000,                          267P    722
0.900000000000,0.227272727273,0.00000000000,                         267P    723
0.00000000000,1.00000000000,0.00000000000,                           267P    724
0.00000000000,1.00000000000,0,0,0;                                   267P    725
126,3,3,1,0,0,0,                                                     269P    726
0.00000000000,0.00000000000,0.00000000000,                           269P    727
0.00000000000,1.00000000000,1.00000000000,                           269P    728
1.00000000000,1.00000000000,1.00000000000,                           269P    729
0.804737854124,0.804737854124,1.00000000000,                         269P    730
0.750000000000,0.909090909091E-01,0.00000000000,                     269P    731
0.837867965644,0.909090909091E-01,0.00000000000,                     269P    732
0.900000000000,0.147392758505,0.00000000000,                         269P    733
0.900000000000,0.227272727273,0.00000000000,                         269P    734
0.00000000000,1.00000000000,0.00000000000,                           269P    735
0.00000000000,1.00000000000,0,0,0;                                   269P    736
126,1,1,1,0,1,0,                                                     271P    737
0.00000000000,0.00000000000,1.00000000000,                           271P    738
1.00000000000,1.00000000000,1.00000000000,                           271P    739
0.750000000000,0.909090909091E-01,0.00000000000,                     271P    740
0.00000000000,0.909090909091E-01,0.00000000000,                      271P    741
0.00000000000,1.00000000000,0.00000000000,                           271P    742
0.00000000000,1.00000000000,0,0,0;                                   271P    743
126,1,1,1,0,1,0,                                                     273P    744
0.00000000000,0.00000000000,1.00000000000,                           273P    745
1.00000000000,1.00000000000,1.00000000000,                           273P    746
0.00000000000,0.909090909091E-01,0.00000000000,                      273P    747
0.00000000000,0.00000000000,0.00000000000,                           273P    748
0.00000000000,1.00000000000,0.00000000000,                           273P    749
0.00000000000,1.00000000000,0,0,0;                                   273P    750
102,7,261,263,265,267,269,                                           275P    751
271,273,0,0,0,0;                                                     275P    752
322,8HLINE_ATT,5002,2,1,1,1,16,2,1,2,14,13;                          277P    753
126,1,1,0,0,1,0,                                                     279P    754
0.00000000000,0.00000000000,1.00000000000,                           279P    755
1.00000000000,1.00000000000,1.00000000000,                           279P    756
0.00000000000,-0.200000000000E-02,0.00000000000,                     279P    757
0.200000000000E-01,-0.200000000000E-02,0.00000000000,                279P    758
0.00000000000,1.00000000000,0.00000000000,                           279P    759
0.00000000000,0.00000000000,0,1,277;                                 279P    760
322,8HLINE_ATT,5002,2,1,1,1,15,2,1,2,13,18;                          281P    761
126,1,1,0,0,1,0,                                                     283P    762
0.00000000000,0.00000000000,1.00000000000,                           283P    763
1.00000000000,1.00000000000,1.00000000000,                           283P    764
0.200000000000E-01,-0.200000000000E-02,0.00000000000,                283P    765
0.200000000000E-01,0.200000000000E-01,0.00000000000,                 283P    766
0.00000000000,1.00000000000,0.00000000000,                           283P    767
0.00000000000,0.00000000000,0,1,281;                                 283P    768
322,8HLINE_ATT,5002,4,1,1,1,22,2,1,2,18,17,                          285P    769
3,1,7,0,0,0,0,100000,0,0,4,2,2,                                      285P    770
-1000100.00000,0.200000000000E-02,0,0,0,0;                           285P    771
126,1,1,0,0,1,0,                                                     287P    772
0.00000000000,0.00000000000,1.00000000000,                           287P    773
1.00000000000,1.00000000000,1.00000000000,                           287P    774
0.200000000000E-01,0.200000000000E-01,0.00000000000,                 287P    775
0.180000000000E-01,0.200000000000E-01,0.244929359829E-18,            287P    776
0.00000000000,1.00000000000,0.00000000000,                           287P    777
0.00000000000,0.00000000000,0,1,285;                                 287P    778
322,8HLINE_ATT,5002,4,1,1,1,18,2,1,2,17,7,                           289P    779
3,1,7,0,0,0,0,100000,0,0,4,2,2,                                      289P    780
-1000100.00000,0.170000000000E-01,0,0,0,0;                           289P    781
126,1,1,0,0,1,0,                                                     291P    782
0.00000000000,0.00000000000,1.00000000000,                           291P    783
1.00000000000,1.00000000000,1.00000000000,                           291P    784
0.180000000000E-01,0.200000000000E-01,0.244929359829E-18,            291P    785
0.180000000000E-01,0.300000000000E-02,0.244929359829E-18,            291P    786
0.00000000000,1.00000000000,0.00000000000,                           291P    787
0.00000000000,0.00000000000,0,1,289;                                 291P    788
322,8HLINE_ATT,5002,4,1,1,1,3,2,1,2,6,7,                             293P    789
3,1,7,0,0,0,0,100000,0,0,4,2,2,                                      293P    790
-1000100.00000,0.471238898077E-02,0,0,0,0;                           293P    791
126,3,3,0,0,0,0,                                                     295P    792
0.00000000000,0.00000000000,0.00000000000,                           295P    793
0.00000000000,1.00000000000,1.00000000000,                           295P    794
1.00000000000,1.00000000000,1.00000000000,                           295P    795
0.804737854124,0.804737854124,1.00000000000,                         295P    796
0.150000000000E-01,0.00000000000,0.00000000000,                      295P    797
0.167573593129E-01,-0.322821668621E-18,0.00000000000,                295P    798
0.180000000000E-01,0.124264068712E-02,0.00000000000,                 295P    799
0.180000000000E-01,0.300000000000E-02,0.00000000000,                 295P    800
0.00000000000,1.00000000000,0.00000000000,                           295P    801
0.00000000000,0.00000000000,0,1,293;                                 295P    802
322,8HLINE_ATT,5002,2,1,1,1,14,2,1,2,6,12;                           297P    803
126,1,1,0,0,1,0,                                                     299P    804
0.00000000000,0.00000000000,1.00000000000,                           299P    805
1.00000000000,1.00000000000,1.00000000000,                           299P    806
0.150000000000E-01,0.00000000000,0.00000000000,                      299P    807
0.00000000000,0.00000000000,0.00000000000,                           299P    808
0.00000000000,1.00000000000,0.00000000000,                           299P    809
0.00000000000,0.00000000000,0,1,297;                                 299P    810
322,8HLINE_ATT,5002,2,1,1,1,17,2,1,2,12,14;                          301P    811
126,1,1,0,0,1,0,                                                     303P    812
0.00000000000,0.00000000000,1.00000000000,                           303P    813
1.00000000000,1.00000000000,1.00000000000,                           303P    814
0.00000000000,0.00000000000,0.00000000000,                           303P    815
0.00000000000,-0.200000000000E-02,0.00000000000,                     303P    816
0.00000000000,1.00000000000,0.00000000000,                           303P    817
0.00000000000,0.00000000000,0,1,301;                                 303P    818
102,7,279,283,287,291,295,                                           305P    819
299,303,0,0,0,0;                                                     305P    820
142,0,259,275,305,2,0;                                               307P    821
144,259,1,0,307,0,0;                                                 309P    822
128,1,1,1,1,0,0,                                                     311P    823
1,0,0,                                                               311P    824
0.00000000000,0.00000000000,1.00000000000,                           311P    825
1.00000000000,0.00000000000,0.00000000000,                           311P    826
1.00000000000,1.00000000000,1.00000000000,                           311P    827
1.00000000000,1.00000000000,1.00000000000,                           311P    828
0.180000000000E-01,0.300000000000E-02,0.200000000000E-01,            311P    829
0.180000000000E-01,0.300000000000E-02,0.244929359829E-18,            311P    830
0.180000000000E-01,0.200000000000E-01,0.200000000000E-01,            311P    831
0.180000000000E-01,0.200000000000E-01,0.244929359829E-18,            311P    832
0.00000000000,1.00000000000,0.00000000000,                           311P    833
1.00000000000,0,0,0;                                                 311P    834
126,1,1,1,0,1,0,                                                     313P    835
0.00000000000,0.00000000000,1.00000000000,                           313P    836
1.00000000000,1.00000000000,1.00000000000,                           313P    837
1.00000000000,1.00000000000,0.00000000000,                           313P    838
0.00000000000,1.00000000000,0.00000000000,                           313P    839
0.00000000000,1.00000000000,0.00000000000,                           313P    840
0.00000000000,1.00000000000,0,0,0;                                   313P    841
126,1,1,1,0,1,0,                                                     315P    842
0.00000000000,0.00000000000,1.00000000000,                           315P    843
1.00000000000,1.00000000000,1.00000000000,                           315P    844
0.303576608296E-16,1.00000000000,0.00000000000,                      315P    845
0.303576608296E-16,0.00000000000,0.00000000000,                      315P    846
0.00000000000,1.00000000000,0.00000000000,                           315P    847
0.00000000000,1.00000000000,0,0,0;                                   315P    848
126,1,1,1,0,1,0,                                                     317P    849
0.00000000000,0.00000000000,1.00000000000,                           317P    850
1.00000000000,1.00000000000,1.00000000000,                           317P    851
1.00000000000,0.503069808033E-16,0.00000000000,                      317P    852
0.00000000000,0.101328259509E-15,0.00000000000,                      317P    853
0.00000000000,1.00000000000,0.00000000000,                           317P    854
0.00000000000,1.00000000000,0,0,0;                                   317P    855
126,1,1,1,0,1,0,                                                     319P    856
0.00000000000,0.00000000000,1.00000000000,                           319P    857
1.00000000000,1.00000000000,1.00000000000,                           319P    858
1.00000000000,1.00000000000,0.00000000000,                           319P    859
1.00000000000,0.00000000000,0.00000000000,                           319P    860
0.00000000000,1.00000000000,0.00000000000,                           319P    861
0.00000000000,1.00000000000,0,0,0;                                   319P    862
102,4,313,315,317,319,0;                                             321P    863
322,8HLINE_ATT,5002,4,1,1,1,21,2,1,2,17,16,                          323P    864
3,1,7,0,0,0,0,100000,0,0,4,2,2,                                      323P    865
-1000100.00000,0.200000000000E-01,0,0,0,0;                           323P    866
126,1,1,0,0,1,0,                                                     325P    867
0.00000000000,0.00000000000,1.00000000000,                           325P    868
1.00000000000,1.00000000000,1.00000000000,                           325P    869
0.180000000000E-01,0.200000000000E-01,0.244929359829E-18,            325P    870
0.180000000000E-01,0.200000000000E-01,0.200000000000E-01,            325P    871
0.00000000000,1.00000000000,0.00000000000,                           325P    872
0.00000000000,0.00000000000,0,1,323;                                 325P    873
322,8HLINE_ATT,5002,2,1,1,1,19,2,1,2,16,8;                           327P    874
126,1,1,0,0,1,0,                                                     329P    875
0.00000000000,0.00000000000,1.00000000000,                           329P    876
1.00000000000,1.00000000000,1.00000000000,                           329P    877
0.180000000000E-01,0.200000000000E-01,0.200000000000E-01,            329P    878
0.180000000000E-01,0.300000000000E-02,0.200000000000E-01,            329P    879
0.00000000000,1.00000000000,0.00000000000,                           329P    880
0.00000000000,0.00000000000,0,1,327;                                 329P    881
322,8HLINE_ATT,5002,4,1,1,1,6,2,1,2,7,8,                             331P    882
3,1,7,0,0,0,0,100000,0,0,4,2,2,                                      331P    883
-1000100.00000,0.200000000000E-01,0,0,0,0;                           331P    884
126,1,1,0,0,1,0,                                                     333P    885
0.00000000000,0.00000000000,1.00000000000,                           333P    886
1.00000000000,1.00000000000,1.00000000000,                           333P    887
0.180000000000E-01,0.300000000000E-02,0.00000000000,                 333P    888
0.180000000000E-01,0.300000000000E-02,0.200000000000E-01,            333P    889
0.00000000000,1.00000000000,0.00000000000,                           333P    890
0.00000000000,0.00000000000,0,1,331;                                 333P    891
322,8HLINE_ATT,5002,2,1,1,1,18,2,1,2,17,7;                           335P    892
126,1,1,0,0,1,0,                                                     337P    893
0.00000000000,0.00000000000,1.00000000000,                           337P    894
1.00000000000,1.00000000000,1.00000000000,                           337P    895
0.180000000000E-01,0.200000000000E-01,0.244929359829E-18,            337P    896
0.180000000000E-01,0.300000000000E-02,0.244929359829E-18,            337P    897
0.00000000000,1.00000000000,0.00000000000,                           337P    898
0.00000000000,0.00000000000,0,1,335;                                 337P    899
102,4,325,329,333,337,0;                                             339P    900
142,0,311,321,339,2,0;                                               341P    901
144,311,1,0,341,0,0;                                                 343P    902
128,1,1,1,1,0,0,                                                     345P    903
1,0,0,                                                               345P    904
0.00000000000,0.00000000000,1.00000000000,                           345P    905
1.00000000000,0.00000000000,0.00000000000,                           345P    906
1.00000000000,1.00000000000,1.00000000000,                           345P    907
1.00000000000,1.00000000000,1.00000000000,                           345P    908
0.180000000000E-01,0.200000000000E-01,0.200000000000E-01,            345P    909
0.180000000000E-01,0.200000000000E-01,0.00000000000,                 345P    910
0.200000000000E-01,0.200000000000E-01,0.200000000000E-01,            345P    911
0.200000000000E-01,0.200000000000E-01,0.00000000000,                 345P    912
0.00000000000,1.00000000000,0.00000000000,                           345P    913
1.00000000000,0,0,0;                                                 345P    914
126,1,1,1,0,1,0,                                                     347P    915
0.00000000000,0.00000000000,1.00000000000,                           347P    916
1.00000000000,1.00000000000,1.00000000000,                           347P    917
0.303576608296E-16,0.209034178855E-15,0.00000000000,                 347P    918
0.303576608296E-16,1.00000000000,0.00000000000,                      347P    919
0.00000000000,1.00000000000,0.00000000000,                           347P    920
0.00000000000,1.00000000000,0,0,0;                                   347P    921
126,1,1,1,0,1,0,                                                     349P    922
0.00000000000,0.00000000000,1.00000000000,                           349P    923
1.00000000000,1.00000000000,1.00000000000,                           349P    924
1.00000000000,0.209034178855E-15,0.00000000000,                      349P    925
0.00000000000,0.209034178855E-15,0.00000000000,                      349P    926
0.00000000000,1.00000000000,0.00000000000,                           349P    927
0.00000000000,1.00000000000,0,0,0;                                   349P    928
126,1,1,1,0,1,0,                                                     351P    929
0.00000000000,0.00000000000,1.00000000000,                           351P    930
1.00000000000,1.00000000000,1.00000000000,                           351P    931
1.00000000000,1.00000000000,0.00000000000,                           351P    932
1.00000000000,0.00000000000,0.00000000000,                           351P    933
0.00000000000,1.00000000000,0.00000000000,                           351P    934
0.00000000000,1.00000000000,0,0,0;                                   351P    935
126,1,1,1,0,1,0,                                                     353P    936
0.00000000000,0.00000000000,1.00000000000,                           353P    937
1.00000000000,1.00000000000,1.00000000000,                           353P    938
0.303576608296E-16,1.00000000000,0.00000000000,                      353P    939
1.00000000000,1.00000000000,0.00000000000,                           353P    940
0.00000000000,1.00000000000,0.00000000000,                           353P    941
0.00000000000,1.00000000000,0,0,0;                                   353P    942
102,4,347,349,351,353,0;                                             355P    943
322,8HLINE_ATT,5002,2,1,1,1,20,2,1,2,16,15;                          357P    944
126,1,1,0,0,1,0,                                                     359P    945
0.00000000000,0.00000000000,1.00000000000,                           359P    946
1.00000000000,1.00000000000,1.00000000000,                           359P    947
0.180000000000E-01,0.200000000000E-01,0.200000000000E-01,            359P    948
0.200000000000E-01,0.200000000000E-01,0.200000000000E-01,            359P    949
0.00000000000,1.00000000000,0.00000000000,                           359P    950
0.00000000000,0.00000000000,0,1,357;                                 359P    951
322,8HLINE_ATT,5002,2,1,1,1,21,2,1,2,17,16;                          361P    952
126,1,1,0,0,1,0,                                                     363P    953
0.00000000000,0.00000000000,1.00000000000,                           363P    954
1.00000000000,1.00000000000,1.00000000000,                           363P    955
0.180000000000E-01,0.200000000000E-01,0.244929359829E-18,            363P    956
0.180000000000E-01,0.200000000000E-01,0.200000000000E-01,            363P    957
0.00000000000,1.00000000000,0.00000000000,                           363P    958
0.00000000000,0.00000000000,0,1,361;                                 363P    959
322,8HLINE_ATT,5002,2,1,1,1,22,2,1,2,18,17;                          365P    960
126,1,1,0,0,1,0,                                                     367P    961
0.00000000000,0.00000000000,1.00000000000,                           367P    962
1.00000000000,1.00000000000,1.00000000000,                           367P    963
0.200000000000E-01,0.200000000000E-01,0.00000000000,                 367P    964
0.180000000000E-01,0.200000000000E-01,0.244929359829E-18,            367P    965
0.00000000000,1.00000000000,0.00000000000,                           367P    966
0.00000000000,0.00000000000,0,1,365;                                 367P    967
322,8HLINE_ATT,5002,2,1,1,1,23,2,1,2,15,18;                          369P    968
126,1,1,0,0,1,0,                                                     371P    969
0.00000000000,0.00000000000,1.00000000000,                           371P    970
1.00000000000,1.00000000000,1.00000000000,                           371P    971
0.200000000000E-01,0.200000000000E-01,0.200000000000E-01,            371P    972
0.200000000000E-01,0.200000000000E-01,0.00000000000,                 371P    973
0.00000000000,1.00000000000,0.00000000000,                           371P    974
0.00000000000,0.00000000000,0,1,369;                                 371P    975
102,4,359,363,367,371,0;                                             373P    976
142,0,345,355,373,2,0;                                               375P    977
144,345,1,0,375,0,0;                                                 377P    978
128,3,1,3,1,0,0,                                                     379P    979
0,0,0,                                                               379P    980
0.00000000000,0.00000000000,0.00000000000,                           379P    981
0.00000000000,1.00000000000,1.00000000000,                           379P    982
1.00000000000,1.00000000000,0.00000000000,                           379P    983
0.00000000000,1.00000000000,1.00000000000,                           379P    984
1.00000000000,0.333333333333,0.333333333333,                         379P    985
1.00000000000,1.00000000000,0.333333333333,                          379P    986
0.333333333333,1.00000000000,0.900000000000E-02,                     379P    987
-0.220000000000E-02,0.150000000000E-01,0.190000000000E-01,           379P    988
-0.220000000000E-02,0.150000000000E-01,0.190000000000E-01,           379P    989
-0.220000000000E-02,0.500000000000E-02,0.900000000000E-02,           379P    990
-0.220000000000E-02,0.500000000000E-02,0.900000000000E-02,           379P    991
0.200000000000E-03,0.150000000000E-01,0.190000000000E-01,            379P    992
0.200000000000E-03,0.150000000000E-01,0.190000000000E-01,            379P    993
0.200000000000E-03,0.500000000000E-02,0.900000000000E-02,            379P    994
0.200000000000E-03,0.500000000000E-02,0.00000000000,                 379P    995
1.00000000000,0.00000000000,1.00000000000,                           379P    996
1.00000000000,0.00000000000,1.00000000000,                           379P    997
0,0,0;                                                               379P    998
126,5,3,1,0,1,0,                                                     381P    999
0.00000000000,0.00000000000,0.00000000000,                           381P   1000
0.00000000000,0.333333333333,0.666666666667,                         381P   1001
1.00000000000,1.00000000000,1.00000000000,                           381P   1002
1.00000000000,1.00000000000,1.00000000000,                           381P   1003
1.00000000000,1.00000000000,1.00000000000,                           381P   1004
1.00000000000,0.789778827739E-08,0.916666666667,                     381P   1005
0.00000000000,0.111111118131,0.916666666667,                         381P   1006
0.00000000000,0.333333338599,0.916666666667,                         381P   1007
0.00000000000,0.666666669299,0.916666666667,                         381P   1008
0.00000000000,0.888888889766,0.916666666667,                         381P   1009
0.00000000000,1.00000000000,0.916666666667,                          381P   1010
0.00000000000,0.00000000000,1.00000000000,                           381P   1011
0.00000000000,0.00000000000,1.00000000000,                           381P   1012
0,0,0;                                                               381P   1013
126,1,1,1,0,1,0,                                                     383P   1014
0.00000000000,0.00000000000,1.00000000000,                           383P   1015
1.00000000000,1.00000000000,1.00000000000,                           383P   1016
0.00000000000,0.833333333333E-01,0.00000000000,                      383P   1017
0.00000000000,0.916666666667,0.00000000000,                          383P   1018
0.00000000000,1.00000000000,0.00000000000,                           383P   1019
0.00000000000,1.00000000000,0,0,0;                                   383P   1020
126,5,3,1,0,1,0,                                                     385P   1021
0.00000000000,0.00000000000,0.00000000000,                           385P   1022
0.00000000000,0.333333333333,0.666666666667,                         385P   1023
1.00000000000,1.00000000000,1.00000000000,                           385P   1024
1.00000000000,1.00000000000,1.00000000000,                           385P   1025
1.00000000000,1.00000000000,1.00000000000,                           385P   1026
1.00000000000,0.789778822882E-08,0.833333333333E-01,                 385P   1027
0.00000000000,0.111111118131,0.833333333333E-01,                     385P   1028
0.00000000000,0.333333338599,0.833333333333E-01,                     385P   1029
0.00000000000,0.666666669299,0.833333333333E-01,                     385P   1030
0.00000000000,0.888888889766,0.833333333333E-01,                     385P   1031
0.00000000000,1.00000000000,0.833333333333E-01,                      385P   1032
0.00000000000,0.00000000000,1.00000000000,                           385P   1033
0.00000000000,0.00000000000,1.00000000000,                           385P   1034
0,0,0;                                                               385P   1035
126,1,1,1,0,1,0,                                                     387P   1036
0.00000000000,0.00000000000,1.00000000000,                           387P   1037
1.00000000000,1.00000000000,1.00000000000,                           387P   1038
1.00000000000,0.833333333333E-01,0.00000000000,                      387P   1039
1.00000000000,0.916666666667,0.00000000000,                          387P   1040
0.00000000000,1.00000000000,0.00000000000,                           387P   1041
0.00000000000,1.00000000000,0,0,0;                                   387P   1042
102,4,381,383,385,387,0;                                             389P   1043
322,8HLINE_ATT,5002,2,1,1,1,26,2,1,2,4,1;                            391P   1044
126,3,3,0,0,0,0,                                                     393P   1045
0.00000000000,0.00000000000,0.00000000000,                           393P   1046
0.00000000000,1.00000000000,1.00000000000,                           393P   1047
1.00000000000,1.00000000000,1.00000000000,                           393P   1048
0.333333333333,0.333333333333,1.00000000000,                         393P   1049
0.900000000000E-02,0.00000000000,0.150000000000E-01,                 393P   1050
0.190000000000E-01,0.00000000000,0.150000000000E-01,                 393P   1051
0.190000000000E-01,0.00000000000,0.500000000000E-02,                 393P   1052
0.900000000000E-02,0.00000000000,0.500000000000E-02,                 393P   1053
0.00000000000,1.00000000000,0.00000000000,                           393P   1054
0.00000000000,0.00000000000,0,1,391;                                 393P   1055
322,8HLINE_ATT,5002,2,1,1,1,2,2,1,2,3,4;                             395P   1056
126,1,1,0,0,1,0,                                                     397P   1057
0.00000000000,0.00000000000,1.00000000000,                           397P   1058
1.00000000000,1.00000000000,1.00000000000,                           397P   1059
0.900000000000E-02,-0.200000000000E-02,0.150000000000E-01,           397P   1060
0.900000000000E-02,0.00000000000,0.150000000000E-01,                 397P   1061
0.00000000000,1.00000000000,0.00000000000,                           397P   1062
0.00000000000,0.00000000000,0,1,395;                                 397P   1063
322,8HLINE_ATT,5002,2,1,1,1,24,2,1,2,3,2;                            399P   1064
126,3,3,0,0,0,0,                                                     401P   1065
0.00000000000,0.00000000000,0.00000000000,                           401P   1066
0.00000000000,1.00000000000,1.00000000000,                           401P   1067
1.00000000000,1.00000000000,1.00000000000,                           401P   1068
0.333333333333,0.333333333333,1.00000000000,                         401P   1069
0.900000000000E-02,-0.200000000000E-02,0.150000000000E-01,           401P   1070
0.190000000000E-01,-0.200000000000E-02,0.150000000000E-01,           401P   1071
0.190000000000E-01,-0.200000000000E-02,0.500000000000E-02,           401P   1072
0.900000000000E-02,-0.200000000000E-02,0.500000000000E-02,           401P   1073
0.00000000000,1.00000000000,0.00000000000,                           401P   1074
0.00000000000,0.00000000000,0,1,399;                                 401P   1075
322,8HLINE_ATT,5002,2,1,1,1,1,2,1,2,2,1;                             403P   1076
126,1,1,0,0,1,0,                                                     405P   1077
0.00000000000,0.00000000000,1.00000000000,                           405P   1078
1.00000000000,1.00000000000,1.00000000000,                           405P   1079
0.900000000000E-02,-0.200000000000E-02,0.500000000000E-02,           405P   1080
0.900000000000E-02,0.00000000000,0.500000000000E-02,                 405P   1081
0.00000000000,1.00000000000,0.00000000000,                           405P   1082
0.00000000000,0.00000000000,0,1,403;                                 405P   1083
102,4,393,397,401,405,0;                                             407P   1084
142,0,379,389,407,2,0;                                               409P   1085
144,379,1,0,409,0,0;                                                 411P   1086
128,3,1,3,1,0,0,                                                     413P   1087
0,0,0,                                                               413P   1088
0.00000000000,0.00000000000,0.00000000000,                           413P   1089
0.00000000000,1.00000000000,1.00000000000,                           413P   1090
1.00000000000,1.00000000000,0.00000000000,                           413P   1091
0.00000000000,1.00000000000,1.00000000000,                           413P   1092
1.00000000000,0.804737854124,0.804737854124,                         413P   1093
1.00000000000,1.00000000000,0.804737854124,                          413P   1094
0.804737854124,1.00000000000,0.180000000000E-01,                     413P   1095
0.300000000000E-02,0.200000000000E-01,0.180000000000E-01,            413P   1096
0.124264068712E-02,0.200000000000E-01,0.167573593129E-01,            413P   1097
0.322821668621E-18,0.200000000000E-01,0.150000000000E-01,            413P   1098
0.00000000000,0.200000000000E-01,0.180000000000E-01,                 413P   1099
0.300000000000E-02,0.00000000000,0.180000000000E-01,                 413P   1100
0.124264068712E-02,0.00000000000,0.167573593129E-01,                 413P   1101
0.322821668621E-18,0.00000000000,0.150000000000E-01,                 413P   1102
0.00000000000,0.00000000000,0.00000000000,                           413P   1103
1.00000000000,0.00000000000,1.00000000000,                           413P   1104
1.00000000000,0.00000000000,1.00000000000,                           413P   1105
0,0,0;                                                               413P   1106
126,1,1,1,0,1,0,                                                     415P   1107
0.00000000000,0.00000000000,1.00000000000,                           415P   1108
1.00000000000,1.00000000000,1.00000000000,                           415P   1109
0.325291327786E-15,1.00000000000,0.00000000000,                      415P   1110
0.00000000000,0.457966997658E-15,0.00000000000,                      415P   1111
0.00000000000,1.00000000000,0.00000000000,                           415P   1112
0.00000000000,1.00000000000,0,0,0;                                   415P   1113
126,5,3,1,0,1,0,                                                     417P   1114
0.00000000000,0.00000000000,0.00000000000,                           417P   1115
0.00000000000,0.333333333333,0.666666666667,                         417P   1116
1.00000000000,1.00000000000,1.00000000000,                           417P   1117
1.00000000000,1.00000000000,1.00000000000,                           417P   1118
1.00000000000,1.00000000000,1.00000000000,                           417P   1119
1.00000000000,1.00000000000,0.365221677713E-14,                      417P   1120
0.00000000000,0.888888888889,0.365221677713E-14,                     417P   1121
0.00000000000,0.666666666667,0.308916599397E-14,                     417P   1122
0.00000000000,0.333333333333,0.351145408134E-14,                     417P   1123
0.00000000000,0.111111111111,0.294840329818E-14,                     417P   1124
0.00000000000,0.113943478964E-12,0.294840329818E-14,                 417P   1125
0.00000000000,0.00000000000,1.00000000000,                           417P   1126
0.00000000000,0.00000000000,1.00000000000,                           417P   1127
0,0,0;                                                               417P   1128
126,1,1,1,0,1,0,                                                     419P   1129
0.00000000000,0.00000000000,1.00000000000,                           419P   1130
1.00000000000,1.00000000000,1.00000000000,                           419P   1131
1.00000000000,1.00000000000,0.00000000000,                           419P   1132
1.00000000000,0.457966997658E-15,0.00000000000,                      419P   1133
0.00000000000,1.00000000000,0.00000000000,                           419P   1134
0.00000000000,1.00000000000,0,0,0;                                   419P   1135
126,5,3,1,0,1,0,                                                     421P   1136
0.00000000000,0.00000000000,0.00000000000,                           421P   1137
0.00000000000,0.333333333333,0.666666666667,                         421P   1138
1.00000000000,1.00000000000,1.00000000000,                           421P   1139
1.00000000000,1.00000000000,1.00000000000,                           421P   1140
1.00000000000,1.00000000000,1.00000000000,                           421P   1141
1.00000000000,1.00000000000,1.00000000000,                           421P   1142
0.00000000000,0.888888888889,1.00000000000,                          421P   1143
0.00000000000,0.666666666667,1.00000000000,                          421P   1144
0.00000000000,0.333333333333,1.00000000000,                          421P   1145
0.00000000000,0.111111111111,1.00000000000,                          421P   1146
0.00000000000,0.113943478964E-12,1.00000000000,                      421P   1147
0.00000000000,0.00000000000,1.00000000000,                           421P   1148
0.00000000000,0.00000000000,1.00000000000,                           421P   1149
0,0,0;                                                               421P   1150
102,4,415,417,419,421,0;                                             423P   1151
322,8HLINE_ATT,5002,2,1,1,1,6,2,1,2,7,8;                             425P   1152
126,1,1,0,0,1,0,                                                     427P   1153
0.00000000000,0.00000000000,1.00000000000,                           427P   1154
1.00000000000,1.00000000000,1.00000000000,                           427P   1155
0.180000000000E-01,0.300000000000E-02,0.00000000000,                 427P   1156
0.180000000000E-01,0.300000000000E-02,0.200000000000E-01,            427P   1157
0.00000000000,1.00000000000,0.00000000000,                           427P   1158
0.00000000000,0.00000000000,0,1,425;                                 427P   1159
322,8HLINE_ATT,5002,2,1,1,1,4,2,1,2,5,8;                             429P   1160
126,3,3,0,0,0,0,                                                     431P   1161
0.00000000000,0.00000000000,0.00000000000,                           431P   1162
0.00000000000,1.00000000000,1.00000000000,                           431P   1163
1.00000000000,1.00000000000,1.00000000000,                           431P   1164
0.804737854124,0.804737854124,1.00000000000,                         431P   1165
0.150000000000E-01,0.00000000000,0.200000000000E-01,                 431P   1166
0.167573593129E-01,-0.322821668621E-18,0.200000000000E-01,           431P   1167
0.180000000000E-01,0.124264068712E-02,0.200000000000E-01,            431P   1168
0.180000000000E-01,0.300000000000E-02,0.200000000000E-01,            431P   1169
0.00000000000,1.00000000000,0.00000000000,                           431P   1170
0.00000000000,0.00000000000,0,1,429;                                 431P   1171
322,8HLINE_ATT,5002,2,1,1,1,5,2,1,2,6,5;                             433P   1172
126,1,1,0,0,1,0,                                                     435P   1173
0.00000000000,0.00000000000,1.00000000000,                           435P   1174
1.00000000000,1.00000000000,1.00000000000,                           435P   1175
0.150000000000E-01,0.00000000000,0.520417042793E-18,                 435P   1176
0.150000000000E-01,0.00000000000,0.200000000000E-01,                 435P   1177
0.00000000000,1.00000000000,0.00000000000,                           435P   1178
0.00000000000,0.00000000000,0,1,433;                                 435P   1179
322,8HLINE_ATT,5002,2,1,1,1,3,2,1,2,6,7;                             437P   1180
126,3,3,0,0,0,0,                                                     439P   1181
0.00000000000,0.00000000000,0.00000000000,                           439P   1182
0.00000000000,1.00000000000,1.00000000000,                           439P   1183
1.00000000000,1.00000000000,1.00000000000,                           439P   1184
0.804737854124,0.804737854124,1.00000000000,                         439P   1185
0.150000000000E-01,0.00000000000,0.00000000000,                      439P   1186
0.167573593129E-01,-0.322821668621E-18,0.00000000000,                439P   1187
0.180000000000E-01,0.124264068712E-02,0.00000000000,                 439P   1188
0.180000000000E-01,0.300000000000E-02,0.00000000000,                 439P   1189
0.00000000000,1.00000000000,0.00000000000,                           439P   1190
0.00000000000,0.00000000000,0,1,437;                                 439P   1191
102,4,427,431,435,439,0;                                             441P   1192
142,0,413,423,441,2,0;                                               443P   1193
144,413,1,0,443,0,0;                                                 445P   1194
322,8HKPOI_CMP,5106,3,1,3,1,                                         447P   1195
15H_HWRVLVXOOX_KP_,                                                  447P   1196
2,1,2,3,6,3,1,18,                                                    447P   1197
1,2,3,4,5,6,7,8,                                                     447P   1198
9,10,11,12,13,14,15,16,                                              447P   1199
17,18,0,0,0,0,0,0;                                                   447P   1200
322,8HKPOI_CMP,5106,3,1,3,1,                                         449P   1201
15H_SXTRLAQBWA_KP_,                                                  449P   1202
2,1,2,9,6,3,1,18,                                                    449P   1203
1,2,3,4,5,6,7,8,                                                     449P   1204
9,10,11,12,13,14,15,16,                                              449P   1205
17,18,0,0,0,0,0,0;                                                   449P   1206
322,8HKPOI_CMP,5106,3,1,3,1,                                         451P   1207
15H_WWLQUKKTVW_KP_,                                                  451P   1208
2,1,2,15,6,3,1,18,                                                   451P   1209
1,2,3,4,5,6,7,8,                                                     451P   1210
9,10,11,12,13,14,15,16,                                              451P   1211
17,18,0,0,0,0,0,0;                                                   451P   1212
322,8HLINE_CMP,5107,3,1,3,1,                                         453P   1213
18H_HWRVLVXOOX_LINES_,                                               453P   1214
2,1,2,4,7,3,1,27,                                                    453P   1215
1,2,3,4,5,6,7,8,                                                     453P   1216
9,10,11,12,13,14,15,16,                                              453P   1217
17,18,19,20,21,22,23,24,                                             453P   1218
25,26,27,0,0,0,0,0;                                                  453P   1219
322,8HLINE_CMP,5107,3,1,3,1,                                         455P   1220
18H_SXTRLAQBWA_LINES_,                                               455P   1221
2,1,2,10,7,3,1,27,                                                   455P   1222
1,2,3,4,5,6,7,8,                                                     455P   1223
9,10,11,12,13,14,15,16,                                              455P   1224
17,18,19,20,21,22,23,24,                                             455P   1225
25,26,27,0,0,0,0,0;                                                  455P   1226
322,8HLINE_CMP,5107,3,1,3,1,                                         457P   1227
18H_WWLQUKKTVW_LINES_,                                               457P   1228
2,1,2,16,7,3,1,27,                                                   457P   1229
1,2,3,4,5,6,7,8,                                                     457P   1230
9,10,11,12,13,14,15,16,                                              457P   1231
17,18,19,20,21,22,23,24,                                             457P   1232
25,26,27,0,0,0,0,0;                                                  457P   1233
322,8HAREA_CMP,5108,3,1,3,1,                                         459P   1234
17H_HWRVLVXOOX_AREA_,                                                459P   1235
2,1,2,1,8,3,1,11,                                                    459P   1236
1,2,3,4,5,6,7,8,                                                     459P   1237
9,10,11,0,0,0,0,0;                                                   459P   1238
322,8HAREA_CMP,5108,3,1,3,1,                                         461P   1239
17H_SXTRLAQBWA_AREA_,                                                461P   1240
2,1,2,7,8,3,1,11,                                                    461P   1241
1,2,3,4,5,6,7,8,                                                     461P   1242
9,10,11,0,0,0,0,0;                                                   461P   1243
322,8HAREA_CMP,5108,3,1,3,1,                                         463P   1244
17H_WWLQUKKTVW_AREA_,                                                463P   1245
2,1,2,13,8,3,1,11,                                                   463P   1246
1,2,3,4,5,6,7,8,                                                     463P   1247
9,10,11,0,0,0,0,0;                                                   463P   1248
S     42G      3D    464P   1248                                        T      1
