                                                                        S      1
/COM,ANSYS RELEASE 2021 R2           BUILD 21.2      UP20210601       17S      2
/NOPR                                                                   S      3
/PREP7                                                                  S      4
/TITLE,                                                                 S      5
*SET,_RETURN,0.000000000000                                             S      6
*SET,_STATUS,2.000000000000                                             S      7
*SET,_UIQR,17.00000000000                                               S      8
*SET,__FLOATPARAMETER__,0.000000000000                                  S      9
*SET,__PYMAPDL_SESSION_ID__,'8e2edd1c909841408ef57728b41'               S     10
*SET,__TMPVAR__,1.000000000000                                          S     11
TREF,0.00000000                                                         S     12
IRLF,0                                                                  S     13
BFUNIF,TEMP,_TINY                                                       S     14
ACEL,0.00000000,0.00000000,0.00000000                                   S     15
OMEGA,0.00000000,0.00000000,0.00000000                                  S     16
DOMEGA,0.00000000,0.00000000,0.00000000                                 S     17
CGLOC,0.00000000,0.00000000,0.00000000                                  S     18
CGOMEGA,0.00000000,0.00000000,0.00000000                                S     19
DCGOMG,0.00000000,0.00000000,0.00000000                                 S     20
KUSE,0                                                                  S     21
TIME,0.00000000                                                         S     22
ALPHAD,0.00000000                                                       S     23
BETAD,0.00000000                                                        S     24
DMPRAT,0.00000000                                                       S     25
DMPSTR,0.00000000                                                       S     26
CRPLIM,0.100000000,0                                                    S     27
CRPLIM,0.00000000,1                                                     S     28
NCNV,1,0.00000000,0,0.00000000,0.00000000                               S     29
NEQIT,0                                                                 S     30
ERESX,DEFA                                                              S     31
/AUX15                                                                  S     32
IOPTN,YES,DEFA                                                          S     33
/GOPR                                                                   S     34
!_END_OF_START                                                          S     35
1H,,1H;,, 9H_tmp.iges,                                                  G      1
5HANSYS,22H  21.2      UP20210601,,,,,,,1.0,6,,,,13H000902.171255,      G      2
1.0000E-04,,,,9,,;                                                      G      3
     116       1       0       0       0       0       0       000000001D      1
     116       0       0       2       0       0       0   POINT       4D      2
     128       3       0       0       0       0       0       000010001D      3
     128       0       0      12       1       0       0 SURFACE       0D      4
     126      15       0       0       0       0       0       000010501D      5
     126       0       0       7       1       0       0B-SPLINE       0D      6
     126      22       0       0       0       0       0       000010501D      7
     126       0       0       7       1       0       0B-SPLINE       0D      8
     126      29       0       0       0       0       0       000010501D      9
     126       0       0       7       1       0       0B-SPLINE       0D     10
     126      36       0       0       0       0       0       000010501D     11
     126       0       0       9       2       0       0B-SPLINE       0D     12
     126      45       0       0       0       0       0       000010501D     13
     126       0       0       7       1       0       0B-SPLINE       0D     14
     126      52       0       0       0       0       0       000010501D     15
     126       0       0       7       1       0       0B-SPLINE       0D     16
     126      59       0       0       0       0       0       000010501D     17
     126       0       0       7       1       0       0B-SPLINE       0D     18
     102      66       0       0       0       0       0       000010501D     19
     102       0       0       2       0       0       0 COMPCRV       0D     20
     322      68       0       0       0       0       0       000000201D     21
     322       0       0       3       1       0       0ATT_TBLE       0D     22
     126      71       0       0       0       0       0       000010001D     23
     126       0       0       7       1       0       0B-SPLINE       1D     24
     322      78       0       0       0       0       0       000000201D     25
     322       0       0       3       1       0       0ATT_TBLE       0D     26
     126      81       0       0       0       0       0       000010001D     27
     126       0       0       7       1       0       0B-SPLINE       2D     28
     322      88       0       0       0       0       0       000000201D     29
     322       0       0       3       1       0       0ATT_TBLE       0D     30
     126      91       0       0       0       0       0       000010001D     31
     126       0       0       7       1       0       0B-SPLINE       3D     32
     322      98       0       0       0       0       0       000000201D     33
     322       0       0       3       1       0       0ATT_TBLE       0D     34
     126     101       0       0       0       0       0       000010001D     35
     126       0       0       9       2       0       0B-SPLINE       7D     36
     322     110       0       0       0       0       0       000000201D     37
     322       0       0       3       1       0       0ATT_TBLE       0D     38
     126     113       0       0       0       0       0       000010001D     39
     126       0       0       7       1       0       0B-SPLINE       4D     40
     322     120       0       0       0       0       0       000000201D     41
     322       0       0       3       1       0       0ATT_TBLE       0D     42
     126     123       0       0       0       0       0       000010001D     43
     126       0       0       7       1       0       0B-SPLINE       5D     44
     322     130       0       0       0       0       0       000000201D     45
     322       0       0       3       1       0       0ATT_TBLE       0D     46
     126     133       0       0       0       0       0       000010001D     47
     126       0       0       7       1       0       0B-SPLINE       6D     48
     102     140       0       0       0       0       0       000010001D     49
     102       0       0       2       0       0       0 COMPCRV       0D     50
     142     142       0       0       0       0       0       000010001D     51
     142       0       0       1       0       0       0CURVESRF       0D     52
     144     143       0       0       0       0       0       000000001D     53
     144       0       0       1       0       0       0TRIMSURF       1D     54
     128     144       0       0       0       0       0       000010001D     55
     128       0       0      12       1       0       0 SURFACE       0D     56
     126     156       0       0       0       0       0       000010501D     57
     126       0       0       7       1       0       0B-SPLINE       0D     58
     126     163       0       0       0       0       0       000010501D     59
     126       0       0       7       1       0       0B-SPLINE       0D     60
     126     170       0       0       0       0       0       000010501D     61
     126       0       0       7       1       0       0B-SPLINE       0D     62
     126     177       0       0       0       0       0       000010501D     63
     126       0       0       9       2       0       0B-SPLINE       0D     64
     126     186       0       0       0       0       0       000010501D     65
     126       0       0       7       1       0       0B-SPLINE       0D     66
     126     193       0       0       0       0       0       000010501D     67
     126       0       0       7       1       0       0B-SPLINE       0D     68
     126     200       0       0       0       0       0       000010501D     69
     126       0       0       7       1       0       0B-SPLINE       0D     70
     102     207       0       0       0       0       0       000010501D     71
     102       0       0       2       0       0       0 COMPCRV       0D     72
     322     209       0       0       0       0       0       000000201D     73
     322       0       0       3       1       0       0ATT_TBLE       0D     74
     126     212       0       0       0       0       0       000010001D     75
     126       0       0       7       1       0       0B-SPLINE       8D     76
     322     219       0       0       0       0       0       000000201D     77
     322       0       0       3       1       0       0ATT_TBLE       0D     78
     126     222       0       0       0       0       0       000010001D     79
     126       0       0       7       1       0       0B-SPLINE       9D     80
     322     229       0       0       0       0       0       000000201D     81
     322       0       0       3       1       0       0ATT_TBLE       0D     82
     126     232       0       0       0       0       0       000010001D     83
     126       0       0       7       1       0       0B-SPLINE      10D     84
     322     239       0       0       0       0       0       000000201D     85
     322       0       0       3       1       0       0ATT_TBLE       0D     86
     126     242       0       0       0       0       0       000010001D     87
     126       0       0       9       2       0       0B-SPLINE      11D     88
     322     251       0       0       0       0       0       000000201D     89
     322       0       0       3       1       0       0ATT_TBLE       0D     90
     126     254       0       0       0       0       0       000010001D     91
     126       0       0       7       1       0       0B-SPLINE      12D     92
     322     261       0       0       0       0       0       000000201D     93
     322       0       0       3       1       0       0ATT_TBLE       0D     94
     126     264       0       0       0       0       0       000010001D     95
     126       0       0       7       1       0       0B-SPLINE      13D     96
     322     271       0       0       0       0       0       000000201D     97
     322       0       0       3       1       0       0ATT_TBLE       0D     98
     126     274       0       0       0       0       0       000010001D     99
     126       0       0       7       1       0       0B-SPLINE      14D    100
     102     281       0       0       0       0       0       000010001D    101
     102       0       0       2       0       0       0 COMPCRV       0D    102
     142     283       0       0       0       0       0       000010001D    103
     142       0       0       1       0       0       0CURVESRF       0D    104
     144     284       0       0       0       0       0       000000001D    105
     144       0       0       1       0       0       0TRIMSURF       2D    106
     128     285       0       0       0       0       0       000010001D    107
     128       0       0      12       1       0       0 SURFACE       0D    108
     126     297       0       0       0       0       0       000010501D    109
     126       0       0      13       0       0       0B-SPLINE       0D    110
     126     310       0       0       0       0       0       000010501D    111
     126       0       0      13       0       0       0B-SPLINE       0D    112
     126     323       0       0       0       0       0       000010501D    113
     126       0       0      13       0       0       0B-SPLINE       0D    114
     126     336       0       0       0       0       0       000010501D    115
     126       0       0      13       0       0       0B-SPLINE       0D    116
     102     349       0       0       0       0       0       000010501D    117
     102       0       0       1       0       0       0 COMPCRV       0D    118
     322     350       0       0       0       0       0       000000201D    119
     322       0       0       1       1       0       0ATT_TBLE       0D    120
     126     351       0       0       0       0       0       000010001D    121
     126       0       0       7       1       0       0B-SPLINE       1D    122
     322     358       0       0       0       0       0       000000201D    123
     322       0       0       3       1       0       0ATT_TBLE       0D    124
     126     361       0       0       0       0       0       000010001D    125
     126       0       0       7       1       0       0B-SPLINE      16D    126
     322     368       0       0       0       0       0       000000201D    127
     322       0       0       1       1       0       0ATT_TBLE       0D    128
     126     369       0       0       0       0       0       000010001D    129
     126       0       0       7       1       0       0B-SPLINE       8D    130
     322     376       0       0       0       0       0       000000201D    131
     322       0       0       3       1       0       0ATT_TBLE       0D    132
     126     379       0       0       0       0       0       000010001D    133
     126       0       0       7       1       0       0B-SPLINE      15D    134
     102     386       0       0       0       0       0       000010001D    135
     102       0       0       1       0       0       0 COMPCRV       0D    136
     142     387       0       0       0       0       0       000010001D    137
     142       0       0       1       0       0       0CURVESRF       0D    138
     144     388       0       0       0       0       0       000000001D    139
     144       0       0       1       0       0       0TRIMSURF       3D    140
     128     389       0       0       0       0       0       000010001D    141
     128       0       0      12       1       0       0 SURFACE       0D    142
     126     401       0       0       0       0       0       000010501D    143
     126       0       0      13       0       0       0B-SPLINE       0D    144
     126     414       0       0       0       0       0       000010501D    145
     126       0       0      13       0       0       0B-SPLINE       0D    146
     126     427       0       0       0       0       0       000010501D    147
     126       0       0      13       0       0       0B-SPLINE       0D    148
     126     440       0       0       0       0       0       000010501D    149
     126       0       0      13       0       0       0B-SPLINE       0D    150
     102     453       0       0       0       0       0       000010501D    151
     102       0       0       1       0       0       0 COMPCRV       0D    152
     322     454       0       0       0       0       0       000000201D    153
     322       0       0       1       1       0       0ATT_TBLE       0D    154
     126     455       0       0       0       0       0       000010001D    155
     126       0       0       7       1       0       0B-SPLINE       2D    156
     322     462       0       0       0       0       0       000000201D    157
     322       0       0       3       1       0       0ATT_TBLE       0D    158
     126     465       0       0       0       0       0       000010001D    159
     126       0       0       7       1       0       0B-SPLINE      17D    160
     322     472       0       0       0       0       0       000000201D    161
     322       0       0       1       1       0       0ATT_TBLE       0D    162
     126     473       0       0       0       0       0       000010001D    163
     126       0       0       7       1       0       0B-SPLINE       9D    164
     322     480       0       0       0       0       0       000000201D    165
     322       0       0       1       1       0       0ATT_TBLE       0D    166
     126     481       0       0       0       0       0       000010001D    167
     126       0       0       7       1       0       0B-SPLINE      16D    168
     102     488       0       0       0       0       0       000010001D    169
     102       0       0       1       0       0       0 COMPCRV       0D    170
     142     489       0       0       0       0       0       000010001D    171
     142       0       0       1       0       0       0CURVESRF       0D    172
     144     490       0       0       0       0       0       000000001D    173
     144       0       0       1       0       0       0TRIMSURF       4D    174
     128     491       0       0       0       0       0       000010001D    175
     128       0       0      12       1       0       0 SURFACE       0D    176
     126     503       0       0       0       0       0       000010501D    177
     126       0       0      13       0       0       0B-SPLINE       0D    178
     126     516       0       0       0       0       0       000010501D    179
     126       0       0      13       0       0       0B-SPLINE       0D    180
     126     529       0       0       0       0       0       000010501D    181
     126       0       0      13       0       0       0B-SPLINE       0D    182
     126     542       0       0       0       0       0       000010501D    183
     126       0       0      13       0       0       0B-SPLINE       0D    184
     102     555       0       0       0       0       0       000010501D    185
     102       0       0       1       0       0       0 COMPCRV       0D    186
     322     556       0       0       0       0       0       000000201D    187
     322       0       0       1       1       0       0ATT_TBLE       0D    188
     126     557       0       0       0       0       0       000010001D    189
     126       0       0       7       1       0       0B-SPLINE       3D    190
     322     564       0       0       0       0       0       000000201D    191
     322       0       0       3       1       0       0ATT_TBLE       0D    192
     126     567       0       0       0       0       0       000010001D    193
     126       0       0       7       1       0       0B-SPLINE      18D    194
     322     574       0       0       0       0       0       000000201D    195
     322       0       0       1       1       0       0ATT_TBLE       0D    196
     126     575       0       0       0       0       0       000010001D    197
     126       0       0       7       1       0       0B-SPLINE      10D    198
     322     582       0       0       0       0       0       000000201D    199
     322       0       0       1       1       0       0ATT_TBLE       0D    200
     126     583       0       0       0       0       0       000010001D    201
     126       0       0       7       1       0       0B-SPLINE      17D    202
     102     590       0       0       0       0       0       000010001D    203
     102       0       0       1       0       0       0 COMPCRV       0D    204
     142     591       0       0       0       0       0       000010001D    205
     142       0       0       1       0       0       0CURVESRF       0D    206
     144     592       0       0       0       0       0       000000001D    207
     144       0       0       1       0       0       0TRIMSURF       5D    208
     128     593       0       0       0       0       0       000010001D    209
     128       0       0      15       8       0       0 SURFACE       0D    210
     126     608       0       0       0       0       0       000010501D    211
     126       0       0      13       0       0       0B-SPLINE       0D    212
     126     621       0       0       0       0       0       000010501D    213
     126       0       0      13       0       0       0B-SPLINE       0D    214
     126     634       0       0       0       0       0       000010501D    215
     126       0       0      13       0       0       0B-SPLINE       0D    216
     126     647       0       0       0       0       0       000010501D    217
     126       0       0      13       0       0       0B-SPLINE       0D    218
     102     660       0       0       0       0       0       000010501D    219
     102       0       0       1       0       0       0 COMPCRV       0D    220
     322     661       0       0       0       0       0       000000201D    221
     322       0       0       1       1       0       0ATT_TBLE       0D    222
     126     662       0       0       0       0       0       000010001D    223
     126       0       0       9       2       0       0B-SPLINE       7D    224
     322     671       0       0       0       0       0       000000201D    225
     322       0       0       3       1       0       0ATT_TBLE       0D    226
     126     674       0       0       0       0       0       000010001D    227
     126       0       0       7       1       0       0B-SPLINE      19D    228
     322     681       0       0       0       0       0       000000201D    229
     322       0       0       1       1       0       0ATT_TBLE       0D    230
     126     682       0       0       0       0       0       000010001D    231
     126       0       0       9       2       0       0B-SPLINE      11D    232
     322     691       0       0       0       0       0       000000201D    233
     322       0       0       1       1       0       0ATT_TBLE       0D    234
     126     692       0       0       0       0       0       000010001D    235
     126       0       0       7       1       0       0B-SPLINE      18D    236
     102     699       0       0       0       0       0       000010001D    237
     102       0       0       1       0       0       0 COMPCRV       0D    238
     142     700       0       0       0       0       0       000010001D    239
     142       0       0       1       0       0       0CURVESRF       0D    240
     144     701       0       0       0       0       0       000000001D    241
     144       0       0       1       0       0       0TRIMSURF       6D    242
     128     702       0       0       0       0       0       000010001D    243
     128       0       0      12       1       0       0 SURFACE       0D    244
     126     714       0       0       0       0       0       000010501D    245
     126       0       0      13       0       0       0B-SPLINE       0D    246
     126     727       0       0       0       0       0       000010501D    247
     126       0       0      13       0       0       0B-SPLINE       0D    248
     126     740       0       0       0       0       0       000010501D    249
     126       0       0      13       0       0       0B-SPLINE       0D    250
     126     753       0       0       0       0       0       000010501D    251
     126       0       0      13       0       0       0B-SPLINE       0D    252
     102     766       0       0       0       0       0       000010501D    253
     102       0       0       1       0       0       0 COMPCRV       0D    254
     322     767       0       0       0       0       0       000000201D    255
     322       0       0       1       1       0       0ATT_TBLE       0D    256
     126     768       0       0       0       0       0       000010001D    257
     126       0       0       7       1       0       0B-SPLINE       4D    258
     322     775       0       0       0       0       0       000000201D    259
     322       0       0       3       1       0       0ATT_TBLE       0D    260
     126     778       0       0       0       0       0       000010001D    261
     126       0       0       7       1       0       0B-SPLINE      20D    262
     322     785       0       0       0       0       0       000000201D    263
     322       0       0       1       1       0       0ATT_TBLE       0D    264
     126     786       0       0       0       0       0       000010001D    265
     126       0       0       7       1       0       0B-SPLINE      12D    266
     322     793       0       0       0       0       0       000000201D    267
     322       0       0       1       1       0       0ATT_TBLE       0D    268
     126     794       0       0       0       0       0       000010001D    269
     126       0       0       7       1       0       0B-SPLINE      19D    270
     102     801       0       0       0       0       0       000010001D    271
     102       0       0       1       0       0       0 COMPCRV       0D    272
     142     802       0       0       0       0       0       000010001D    273
     142       0       0       1       0       0       0CURVESRF       0D    274
     144     803       0       0       0       0       0       000000001D    275
     144       0       0       1       0       0       0TRIMSURF       7D    276
     128     804       0       0       0       0       0       000010001D    277
     128       0       0      12       1       0       0 SURFACE       0D    278
     126     816       0       0       0       0       0       000010501D    279
     126       0       0      13       0       0       0B-SPLINE       0D    280
     126     829       0       0       0       0       0       000010501D    281
     126       0       0      13       0       0       0B-SPLINE       0D    282
     126     842       0       0       0       0       0       000010501D    283
     126       0       0      13       0       0       0B-SPLINE       0D    284
     126     855       0       0       0       0       0       000010501D    285
     126       0       0      13       0       0       0B-SPLINE       0D    286
     102     868       0       0       0       0       0       000010501D    287
     102       0       0       1       0       0       0 COMPCRV       0D    288
     322     869       0       0       0       0       0       000000201D    289
     322       0       0       1       1       0       0ATT_TBLE       0D    290
     126     870       0       0       0       0       0       000010001D    291
     126       0       0       7       1       0       0B-SPLINE       5D    292
     322     877       0       0       0       0       0       000000201D    293
     322       0       0       3       1       0       0ATT_TBLE       0D    294
     126     880       0       0       0       0       0       000010001D    295
     126       0       0       7       1       0       0B-SPLINE      21D    296
     322     887       0       0       0       0       0       000000201D    297
     322       0       0       1       1       0       0ATT_TBLE       0D    298
     126     888       0       0       0       0       0       000010001D    299
     126       0       0       7       1       0       0B-SPLINE      13D    300
     322     895       0       0       0       0       0       000000201D    301
     322       0       0       1       1       0       0ATT_TBLE       0D    302
     126     896       0       0       0       0       0       000010001D    303
     126       0       0       7       1       0       0B-SPLINE      20D    304
     102     903       0       0       0       0       0       000010001D    305
     102       0       0       1       0       0       0 COMPCRV       0D    306
     142     904       0       0       0       0       0       000010001D    307
     142       0       0       1       0       0       0CURVESRF       0D    308
     144     905       0       0       0       0       0       000000001D    309
     144       0       0       1       0       0       0TRIMSURF       8D    310
     128     906       0       0       0       0       0       000010001D    311
     128       0       0      12       1       0       0 SURFACE       0D    312
     126     918       0       0       0       0       0       000010501D    313
     126       0       0      13       0       0       0B-SPLINE       0D    314
     126     931       0       0       0       0       0       000010501D    315
     126       0       0      13       0       0       0B-SPLINE       0D    316
     126     944       0       0       0       0       0       000010501D    317
     126       0       0      13       0       0       0B-SPLINE       0D    318
     126     957       0       0       0       0       0       000010501D    319
     126       0       0      13       0       0       0B-SPLINE       0D    320
     102     970       0       0       0       0       0       000010501D    321
     102       0       0       1       0       0       0 COMPCRV       0D    322
     322     971       0       0       0       0       0       000000201D    323
     322       0       0       1       1       0       0ATT_TBLE       0D    324
     126     972       0       0       0       0       0       000010001D    325
     126       0       0       7       1       0       0B-SPLINE       6D    326
     322     979       0       0       0       0       0       000000201D    327
     322       0       0       1       1       0       0ATT_TBLE       0D    328
     126     980       0       0       0       0       0       000010001D    329
     126       0       0       7       1       0       0B-SPLINE      15D    330
     322     987       0       0       0       0       0       000000201D    331
     322       0       0       1       1       0       0ATT_TBLE       0D    332
     126     988       0       0       0       0       0       000010001D    333
     126       0       0       7       1       0       0B-SPLINE      14D    334
     322     995       0       0       0       0       0       000000201D    335
     322       0       0       1       1       0       0ATT_TBLE       0D    336
     126     996       0       0       0       0       0       000010001D    337
     126       0       0       7       1       0       0B-SPLINE      21D    338
     102    1003       0       0       0       0       0       000010001D    339
     102       0       0       1       0       0       0 COMPCRV       0D    340
     142    1004       0       0       0       0       0       000010001D    341
     142       0       0       1       0       0       0CURVESRF       0D    342
     144    1005       0       0       0       0       0       000000001D    343
     144       0       0       1       0       0       0TRIMSURF       9D    344
     128    1006       0       0       0       0       0       000010001D    345
     128       0       0      12       1       0       0 SURFACE       0D    346
     126    1018       0       0       0       0       0       000010501D    347
     126       0       0       9       2       0       0B-SPLINE       0D    348
     126    1027       0       0       0       0       0       000010501D    349
     126       0       0       9       2       0       0B-SPLINE       0D    350
     126    1036       0       0       0       0       0       000010501D    351
     126       0       0       9       2       0       0B-SPLINE       0D    352
     126    1045       0       0       0       0       0       000010501D    353
     126       0       0       9       2       0       0B-SPLINE       0D    354
     102    1054       0       0       0       0       0       000010501D    355
     102       0       0       1       0       0       0 COMPCRV       0D    356
     322    1055       0       0       0       0       0       000000201D    357
     322       0       0       3       1       0       0ATT_TBLE       0D    358
     126    1058       0       0       0       0       0       000010001D    359
     126       0       0       9       2       0       0B-SPLINE      22D    360
     322    1067       0       0       0       0       0       000000201D    361
     322       0       0       3       1       0       0ATT_TBLE       0D    362
     126    1070       0       0       0       0       0       000010001D    363
     126       0       0       9       2       0       0B-SPLINE      23D    364
     322    1079       0       0       0       0       0       000000201D    365
     322       0       0       3       1       0       0ATT_TBLE       0D    366
     126    1082       0       0       0       0       0       000010001D    367
     126       0       0       9       2       0       0B-SPLINE      24D    368
     322    1091       0       0       0       0       0       000000201D    369
     322       0       0       3       1       0       0ATT_TBLE       0D    370
     126    1094       0       0       0       0       0       000010001D    371
     126       0       0       9       2       0       0B-SPLINE      25D    372
     102    1103       0       0       0       0       0       000010001D    373
     102       0       0       1       0       0       0 COMPCRV       0D    374
     142    1104       0       0       0       0       0       000010001D    375
     142       0       0       1       0       0       0CURVESRF       0D    376
     144    1105       0       0       0       0       0       000000001D    377
     144       0       0       1       0       0       0TRIMSURF      10D    378
     128    1106       0       0       0       0       0       000010001D    379
     128       0       0      12       1       0       0 SURFACE       0D    380
     126    1118       0       0       0       0       0       000010501D    381
     126       0       0       9       2       0       0B-SPLINE       0D    382
     126    1127       0       0       0       0       0       000010501D    383
     126       0       0       9       2       0       0B-SPLINE       0D    384
     126    1136       0       0       0       0       0       000010501D    385
     126       0       0       9       2       0       0B-SPLINE       0D    386
     126    1145       0       0       0       0       0       000010501D    387
     126       0       0       9       2       0       0B-SPLINE       0D    388
     102    1154       0       0       0       0       0       000010501D    389
     102       0       0       1       0       0       0 COMPCRV       0D    390
     322    1155       0       0       0       0       0       000000201D    391
     322       0       0       3       1       0       0ATT_TBLE       0D    392
     126    1158       0       0       0       0       0       000010001D    393
     126       0       0       9       2       0       0B-SPLINE      26D    394
     322    1167       0       0       0       0       0       000000201D    395
     322       0       0       3       1       0       0ATT_TBLE       0D    396
     126    1170       0       0       0       0       0       000010001D    397
     126       0       0       9       2       0       0B-SPLINE      27D    398
     322    1179       0       0       0       0       0       000000201D    399
     322       0       0       3       1       0       0ATT_TBLE       0D    400
     126    1182       0       0       0       0       0       000010001D    401
     126       0       0       9       2       0       0B-SPLINE      28D    402
     322    1191       0       0       0       0       0       000000201D    403
     322       0       0       3       1       0       0ATT_TBLE       0D    404
     126    1194       0       0       0       0       0       000010001D    405
     126       0       0       9       2       0       0B-SPLINE      29D    406
     102    1203       0       0       0       0       0       000010001D    407
     102       0       0       1       0       0       0 COMPCRV       0D    408
     142    1204       0       0       0       0       0       000010001D    409
     142       0       0       1       0       0       0CURVESRF       0D    410
     144    1205       0       0       0       0       0       000000001D    411
     144       0       0       1       0       0       0TRIMSURF      11D    412
     128    1206       0       0       0       0       0       000010001D    413
     128       0       0      18       2       0       0 SURFACE       0D    414
     126    1224       0       0       0       0       0       000010501D    415
     126       0       0       7       1       0       0B-SPLINE       0D    416
     126    1231       0       0       0       0       0       000010501D    417
     126       0       0       7       1       0       0B-SPLINE       0D    418
     126    1238       0       0       0       0       0       000010501D    419
     126       0       0       7       1       0       0B-SPLINE       0D    420
     126    1245       0       0       0       0       0       000010501D    421
     126       0       0       7       1       0       0B-SPLINE       0D    422
     126    1252       0       0       0       0       0       000010501D    423
     126       0       0       7       1       0       0B-SPLINE       0D    424
     126    1259       0       0       0       0       0       000010501D    425
     126       0       0       7       1       0       0B-SPLINE       0D    426
     102    1266       0       0       0       0       0       000010501D    427
     102       0       0       2       0       0       0 COMPCRV       0D    428
     322    1268       0       0       0       0       0       000000201D    429
     322       0       0       1       1       0       0ATT_TBLE       0D    430
     126    1269       0       0       0       0       0       000010001D    431
     126       0       0       9       2       0       0B-SPLINE      25D    432
     322    1278       0       0       0       0       0       000000201D    433
     322       0       0       1       1       0       0ATT_TBLE       0D    434
     126    1279       0       0       0       0       0       000010001D    435
     126       0       0       9       2       0       0B-SPLINE      24D    436
     322    1288       0       0       0       0       0       000000201D    437
     322       0       0       3       1       0       0ATT_TBLE       0D    438
     126    1291       0       0       0       0       0       000010001D    439
     126       0       0       7       1       0       0B-SPLINE      30D    440
     322    1298       0       0       0       0       0       000000201D    441
     322       0       0       1       1       0       0ATT_TBLE       0D    442
     126    1299       0       0       0       0       0       000010001D    443
     126       0       0       9       2       0       0B-SPLINE      27D    444
     322    1308       0       0       0       0       0       000000201D    445
     322       0       0       1       1       0       0ATT_TBLE       0D    446
     126    1309       0       0       0       0       0       000010001D    447
     126       0       0       9       2       0       0B-SPLINE      26D    448
     322    1318       0       0       0       0       0       000000201D    449
     322       0       0       3       1       0       0ATT_TBLE       0D    450
     126    1321       0       0       0       0       0       000010001D    451
     126       0       0       7       1       0       0B-SPLINE      31D    452
     102    1328       0       0       0       0       0       000010001D    453
     102       0       0       2       0       0       0 COMPCRV       0D    454
     142    1330       0       0       0       0       0       000010001D    455
     142       0       0       1       0       0       0CURVESRF       0D    456
     144    1331       0       0       0       0       0       000000001D    457
     144       0       0       1       0       0       0TRIMSURF      12D    458
     128    1332       0       0       0       0       0       000010001D    459
     128       0       0      18       2       0       0 SURFACE       0D    460
     126    1350       0       0       0       0       0       000010501D    461
     126       0       0       7       1       0       0B-SPLINE       0D    462
     126    1357       0       0       0       0       0       000010501D    463
     126       0       0       7       1       0       0B-SPLINE       0D    464
     126    1364       0       0       0       0       0       000010501D    465
     126       0       0       7       1       0       0B-SPLINE       0D    466
     126    1371       0       0       0       0       0       000010501D    467
     126       0       0       7       1       0       0B-SPLINE       0D    468
     126    1378       0       0       0       0       0       000010501D    469
     126       0       0       7       1       0       0B-SPLINE       0D    470
     126    1385       0       0       0       0       0       000010501D    471
     126       0       0       7       1       0       0B-SPLINE       0D    472
     102    1392       0       0       0       0       0       000010501D    473
     102       0       0       2       0       0       0 COMPCRV       0D    474
     322    1394       0       0       0       0       0       000000201D    475
     322       0       0       1       1       0       0ATT_TBLE       0D    476
     126    1395       0       0       0       0       0       000010001D    477
     126       0       0       9       2       0       0B-SPLINE      23D    478
     322    1404       0       0       0       0       0       000000201D    479
     322       0       0       1       1       0       0ATT_TBLE       0D    480
     126    1405       0       0       0       0       0       000010001D    481
     126       0       0       9       2       0       0B-SPLINE      22D    482
     322    1414       0       0       0       0       0       000000201D    483
     322       0       0       1       1       0       0ATT_TBLE       0D    484
     126    1415       0       0       0       0       0       000010001D    485
     126       0       0       7       1       0       0B-SPLINE      31D    486
     322    1422       0       0       0       0       0       000000201D    487
     322       0       0       1       1       0       0ATT_TBLE       0D    488
     126    1423       0       0       0       0       0       000010001D    489
     126       0       0       9       2       0       0B-SPLINE      29D    490
     322    1432       0       0       0       0       0       000000201D    491
     322       0       0       1       1       0       0ATT_TBLE       0D    492
     126    1433       0       0       0       0       0       000010001D    493
     126       0       0       9       2       0       0B-SPLINE      28D    494
     322    1442       0       0       0       0       0       000000201D    495
     322       0       0       1       1       0       0ATT_TBLE       0D    496
     126    1443       0       0       0       0       0       000010001D    497
     126       0       0       7       1       0       0B-SPLINE      30D    498
     102    1450       0       0       0       0       0       000010001D    499
     102       0       0       2       0       0       0 COMPCRV       0D    500
     142    1452       0       0       0       0       0       000010001D    501
     142       0       0       1       0       0       0CURVESRF       0D    502
     144    1453       0       0       0       0       0       000000001D    503
     144       0       0       1       0       0       0TRIMSURF      13D    504
     322    1454       0       0       0       0       0       000000201D    505
     322       0       0       6       1       0       0ATT_TBLE       0D    506
     322    1460       0       0       0       0       0       000000201D    507
     322       0       0       6       1       0       0ATT_TBLE       0D    508
     322    1466       0       0       0       0       0       000000201D    509
     322       0       0       6       1       0       0ATT_TBLE       0D    510
     322    1472       0       0       0       0       0       000000201D    511
     322       0       0       5       1       0       0ATT_TBLE       0D    512
     322    1477       0       0       0       0       0       000000201D    513
     322       0       0       7       1       0       0ATT_TBLE       0D    514
     322    1484       0       0       0       0       0       000000201D    515
     322       0       0       7       1       0       0ATT_TBLE       0D    516
     322    1491       0       0       0       0       0       000000201D    517
     322       0       0       4       1       0       0ATT_TBLE       0D    518
     322    1495       0       0       0       0       0       000000201D    519
     322       0       0       4       1       0       0ATT_TBLE       0D    520
     322    1499       0       0       0       0       0       000000201D    521
     322       0       0       5       1       0       0ATT_TBLE       0D    522
116,0.300000000000E-02,0.300000000000E-02,0.00000000000,               1P      1
0,0,0,0;                                                               1P      2
128,1,1,1,1,0,0,                                                       3P      3
1,0,0,                                                                 3P      4
0.00000000000,0.00000000000,1.00000000000,                             3P      5
1.00000000000,0.00000000000,0.00000000000,                             3P      6
1.00000000000,1.00000000000,1.00000000000,                             3P      7
1.00000000000,1.00000000000,1.00000000000,                             3P      8
-0.554436651025E-02,-0.554436651025E-02,0.00000000000,                 3P      9
0.405443665103E-01,-0.554436651025E-02,0.00000000000,                  3P     10
-0.554436651025E-02,0.485443665103E-01,0.00000000000,                  3P     11
0.405443665103E-01,0.485443665103E-01,0.00000000000,                   3P     12
0.00000000000,1.00000000000,0.00000000000,                             3P     13
1.00000000000,0,0,0;                                                   3P     14
126,1,1,1,0,1,0,                                                       5P     15
0.00000000000,0.00000000000,1.00000000000,                             5P     16
1.00000000000,1.00000000000,1.00000000000,                             5P     17
0.120297655129,0.102505017231,0.00000000000,                           5P     18
0.879702344871,0.102505017231,0.00000000000,                           5P     19
0.00000000000,1.00000000000,0.00000000000,                             5P     20
0.00000000000,1.00000000000,0,0,0;                                     5P     21
126,1,1,1,0,1,0,                                                       7P     22
0.00000000000,0.00000000000,1.00000000000,                             7P     23
1.00000000000,1.00000000000,1.00000000000,                             7P     24
0.879702344871,0.102505017231,0.00000000000,                           7P     25
0.879702344871,0.157969433431,0.00000000000,                           7P     26
0.00000000000,1.00000000000,0.00000000000,                             7P     27
0.00000000000,1.00000000000,0,0,0;                                     7P     28
126,1,1,1,0,1,0,                                                       9P     29
0.00000000000,0.00000000000,1.00000000000,                             9P     30
1.00000000000,1.00000000000,1.00000000000,                             9P     31
0.879702344871,0.157969433431,0.00000000000,                           9P     32
0.250481316228,0.157969433431,0.00000000000,                           9P     33
0.00000000000,1.00000000000,0.00000000000,                             9P     34
0.00000000000,1.00000000000,0,0,0;                                     9P     35
126,2,2,1,0,0,0,                                                      11P     36
0.00000000000,0.00000000000,0.00000000000,                            11P     37
1.00000000000,1.00000000000,1.00000000000,                            11P     38
1.00000000000,0.707106781187,1.00000000000,                           11P     39
0.250481316228,0.157969433431,0.00000000000,                          11P     40
0.185389485679,0.157969433431,0.00000000000,                          11P     41
0.185389485679,0.213433849631,0.00000000000,                          11P     42
0.00000000000,1.00000000000,0.00000000000,                            11P     43
0.00000000000,1.00000000000,0,0,0;                                    11P     44
126,1,1,1,0,1,0,                                                      13P     45
0.00000000000,0.00000000000,1.00000000000,                            13P     46
1.00000000000,1.00000000000,1.00000000000,                            13P     47
0.185389485679,0.213433849631,0.00000000000,                          13P     48
0.185389485679,0.897494982769,0.00000000000,                          13P     49
0.00000000000,1.00000000000,0.00000000000,                            13P     50
0.00000000000,1.00000000000,0,0,0;                                    13P     51
126,1,1,1,0,1,0,                                                      15P     52
0.00000000000,0.00000000000,1.00000000000,                            15P     53
1.00000000000,1.00000000000,1.00000000000,                            15P     54
0.185389485679,0.897494982769,0.00000000000,                          15P     55
0.120297655129,0.897494982769,0.00000000000,                          15P     56
0.00000000000,1.00000000000,0.00000000000,                            15P     57
0.00000000000,1.00000000000,0,0,0;                                    15P     58
126,1,1,1,0,1,0,                                                      17P     59
0.00000000000,0.00000000000,1.00000000000,                            17P     60
1.00000000000,1.00000000000,1.00000000000,                            17P     61
0.120297655129,0.897494982769,0.00000000000,                          17P     62
0.120297655129,0.102505017231,0.00000000000,                          17P     63
0.00000000000,1.00000000000,0.00000000000,                            17P     64
0.00000000000,1.00000000000,0,0,0;                                    17P     65
102,7,5,7,9,11,13,                                                    19P     66
15,17,0,0,0,0;                                                        19P     67
322,8HLINE_ATT,5002,4,1,1,1,1,2,1,2,1,2,                              21P     68
3,1,7,0,0,0,0,100000,0,0,4,2,2,                                       21P     69
-1000100.00000,0.350000000000E-01,0,0,0,0;                            21P     70
126,1,1,0,0,1,0,                                                      23P     71
0.00000000000,0.00000000000,1.00000000000,                            23P     72
1.00000000000,1.00000000000,1.00000000000,                            23P     73
0.00000000000,0.00000000000,0.00000000000,                            23P     74
0.350000000000E-01,0.00000000000,0.00000000000,                       23P     75
0.00000000000,1.00000000000,0.00000000000,                            23P     76
0.00000000000,0.00000000000,0,1,21;                                   23P     77
322,8HLINE_ATT,5002,4,1,1,1,2,2,1,2,2,3,                              25P     78
3,1,7,0,0,0,0,100000,0,0,4,2,2,                                       25P     79
-1000100.00000,0.300000000000E-02,0,0,0,0;                            25P     80
126,1,1,0,0,1,0,                                                      27P     81
0.00000000000,0.00000000000,1.00000000000,                            27P     82
1.00000000000,1.00000000000,1.00000000000,                            27P     83
0.350000000000E-01,0.00000000000,0.00000000000,                       27P     84
0.350000000000E-01,0.300000000000E-02,0.00000000000,                  27P     85
0.00000000000,1.00000000000,0.00000000000,                            27P     86
0.00000000000,0.00000000000,0,1,25;                                   27P     87
322,8HLINE_ATT,5002,4,1,1,1,3,2,1,2,3,7,                              29P     88
3,1,7,0,0,0,0,100000,0,0,4,2,2,                                       29P     89
-1000100.00000,0.290000000000E-01,0,0,0,0;                            29P     90
126,1,1,0,0,1,0,                                                      31P     91
0.00000000000,0.00000000000,1.00000000000,                            31P     92
1.00000000000,1.00000000000,1.00000000000,                            31P     93
0.350000000000E-01,0.300000000000E-02,0.00000000000,                  31P     94
0.600000000000E-02,0.300000000000E-02,0.00000000000,                  31P     95
0.00000000000,1.00000000000,0.00000000000,                            31P     96
0.00000000000,0.00000000000,0,1,29;                                   31P     97
322,8HLINE_ATT,5002,4,1,1,1,7,2,1,2,7,8,                              33P     98
3,1,7,0,0,0,0,100000,0,0,4,2,2,                                       33P     99
-1000100.00000,0.471238898256E-02,0,0,0,0;                            33P    100
126,2,2,0,0,0,0,                                                      35P    101
0.00000000000,0.00000000000,0.00000000000,                            35P    102
1.00000000000,1.00000000000,1.00000000000,                            35P    103
1.00000000000,0.707106781187,1.00000000000,                           35P    104
0.600000000000E-02,0.300000000000E-02,0.00000000000,                  35P    105
0.300000000000E-02,0.300000000000E-02,0.00000000000,                  35P    106
0.300000000000E-02,0.600000000000E-02,0.00000000000,                  35P    107
0.00000000000,1.00000000000,0.00000000000,                            35P    108
0.00000000000,0.00000000000,0,1,33;                                   35P    109
322,8HLINE_ATT,5002,4,1,1,1,4,2,1,2,8,5,                              37P    110
3,1,7,0,0,0,0,100000,0,0,4,2,2,                                       37P    111
-1000100.00000,0.370000000000E-01,0,0,0,0;                            37P    112
126,1,1,0,0,1,0,                                                      39P    113
0.00000000000,0.00000000000,1.00000000000,                            39P    114
1.00000000000,1.00000000000,1.00000000000,                            39P    115
0.300000000000E-02,0.600000000000E-02,0.00000000000,                  39P    116
0.300000000000E-02,0.430000000000E-01,0.00000000000,                  39P    117
0.00000000000,1.00000000000,0.00000000000,                            39P    118
0.00000000000,0.00000000000,0,1,37;                                   39P    119
322,8HLINE_ATT,5002,4,1,1,1,5,2,1,2,5,6,                              41P    120
3,1,7,0,0,0,0,100000,0,0,4,2,2,                                       41P    121
-1000100.00000,0.300000000000E-02,0,0,0,0;                            41P    122
126,1,1,0,0,1,0,                                                      43P    123
0.00000000000,0.00000000000,1.00000000000,                            43P    124
1.00000000000,1.00000000000,1.00000000000,                            43P    125
0.300000000000E-02,0.430000000000E-01,0.00000000000,                  43P    126
0.00000000000,0.430000000000E-01,0.00000000000,                       43P    127
0.00000000000,1.00000000000,0.00000000000,                            43P    128
0.00000000000,0.00000000000,0,1,41;                                   43P    129
322,8HLINE_ATT,5002,4,1,1,1,6,2,1,2,6,1,                              45P    130
3,1,7,0,0,0,0,100000,0,0,4,2,2,                                       45P    131
-1000100.00000,0.430000000000E-01,0,0,0,0;                            45P    132
126,1,1,0,0,1,0,                                                      47P    133
0.00000000000,0.00000000000,1.00000000000,                            47P    134
1.00000000000,1.00000000000,1.00000000000,                            47P    135
0.00000000000,0.430000000000E-01,0.00000000000,                       47P    136
0.00000000000,0.00000000000,0.00000000000,                            47P    137
0.00000000000,1.00000000000,0.00000000000,                            47P    138
0.00000000000,0.00000000000,0,1,45;                                   47P    139
102,7,23,27,31,35,39,                                                 49P    140
43,47,0,0,0,0;                                                        49P    141
142,0,3,19,49,2,0;                                                    51P    142
144,3,1,0,51,0,0;                                                     53P    143
128,1,1,1,1,0,0,                                                      55P    144
1,0,0,                                                                55P    145
0.00000000000,0.00000000000,1.00000000000,                            55P    146
1.00000000000,0.00000000000,0.00000000000,                            55P    147
1.00000000000,1.00000000000,1.00000000000,                            55P    148
1.00000000000,1.00000000000,1.00000000000,                            55P    149
-0.554436651025E-02,-0.554436651025E-02,0.400000000000E-01,           55P    150
0.405443665103E-01,-0.554436651025E-02,0.400000000000E-01,            55P    151
-0.554436651025E-02,0.485443665103E-01,0.400000000000E-01,            55P    152
0.405443665103E-01,0.485443665103E-01,0.400000000000E-01,             55P    153
0.00000000000,1.00000000000,0.00000000000,                            55P    154
1.00000000000,0,0,0;                                                  55P    155
126,1,1,1,0,1,0,                                                      57P    156
0.00000000000,0.00000000000,1.00000000000,                            57P    157
1.00000000000,1.00000000000,1.00000000000,                            57P    158
0.120297655129,0.102505017231,0.00000000000,                          57P    159
0.879702344871,0.102505017231,0.00000000000,                          57P    160
0.00000000000,1.00000000000,0.00000000000,                            57P    161
0.00000000000,1.00000000000,0,0,0;                                    57P    162
126,1,1,1,0,1,0,                                                      59P    163
0.00000000000,0.00000000000,1.00000000000,                            59P    164
1.00000000000,1.00000000000,1.00000000000,                            59P    165
0.879702344871,0.102505017231,0.00000000000,                          59P    166
0.879702344871,0.157969433431,0.00000000000,                          59P    167
0.00000000000,1.00000000000,0.00000000000,                            59P    168
0.00000000000,1.00000000000,0,0,0;                                    59P    169
126,1,1,1,0,1,0,                                                      61P    170
0.00000000000,0.00000000000,1.00000000000,                            61P    171
1.00000000000,1.00000000000,1.00000000000,                            61P    172
0.879702344871,0.157969433431,0.00000000000,                          61P    173
0.250481316228,0.157969433431,0.00000000000,                          61P    174
0.00000000000,1.00000000000,0.00000000000,                            61P    175
0.00000000000,1.00000000000,0,0,0;                                    61P    176
126,2,2,1,0,0,0,                                                      63P    177
0.00000000000,0.00000000000,0.00000000000,                            63P    178
1.00000000000,1.00000000000,1.00000000000,                            63P    179
1.00000000000,0.707106781187,1.00000000000,                           63P    180
0.250481316228,0.157969433431,0.00000000000,                          63P    181
0.185389485679,0.157969433431,0.00000000000,                          63P    182
0.185389485679,0.213433849631,0.00000000000,                          63P    183
0.00000000000,1.00000000000,0.00000000000,                            63P    184
0.00000000000,1.00000000000,0,0,0;                                    63P    185
126,1,1,1,0,1,0,                                                      65P    186
0.00000000000,0.00000000000,1.00000000000,                            65P    187
1.00000000000,1.00000000000,1.00000000000,                            65P    188
0.185389485679,0.213433849631,0.00000000000,                          65P    189
0.185389485679,0.897494982769,0.00000000000,                          65P    190
0.00000000000,1.00000000000,0.00000000000,                            65P    191
0.00000000000,1.00000000000,0,0,0;                                    65P    192
126,1,1,1,0,1,0,                                                      67P    193
0.00000000000,0.00000000000,1.00000000000,                            67P    194
1.00000000000,1.00000000000,1.00000000000,                            67P    195
0.185389485679,0.897494982769,0.00000000000,                          67P    196
0.120297655129,0.897494982769,0.00000000000,                          67P    197
0.00000000000,1.00000000000,0.00000000000,                            67P    198
0.00000000000,1.00000000000,0,0,0;                                    67P    199
126,1,1,1,0,1,0,                                                      69P    200
0.00000000000,0.00000000000,1.00000000000,                            69P    201
1.00000000000,1.00000000000,1.00000000000,                            69P    202
0.120297655129,0.897494982769,0.00000000000,                          69P    203
0.120297655129,0.102505017231,0.00000000000,                          69P    204
0.00000000000,1.00000000000,0.00000000000,                            69P    205
0.00000000000,1.00000000000,0,0,0;                                    69P    206
102,7,57,59,61,63,65,                                                 71P    207
67,69,0,0,0,0;                                                        71P    208
322,8HLINE_ATT,5002,4,1,1,1,8,2,1,2,9,10,                             73P    209
3,1,7,0,0,0,0,100000,0,0,4,2,2,                                       73P    210
-1000100.00000,0.350000000000E-01,0,0,0,0;                            73P    211
126,1,1,0,0,1,0,                                                      75P    212
0.00000000000,0.00000000000,1.00000000000,                            75P    213
1.00000000000,1.00000000000,1.00000000000,                            75P    214
0.00000000000,0.00000000000,0.400000000000E-01,                       75P    215
0.350000000000E-01,0.00000000000,0.400000000000E-01,                  75P    216
0.00000000000,1.00000000000,0.00000000000,                            75P    217
0.00000000000,0.00000000000,0,1,73;                                   75P    218
322,8HLINE_ATT,5002,4,1,1,1,9,2,1,2,10,11,                            77P    219
3,1,7,0,0,0,0,100000,0,0,4,2,2,                                       77P    220
-1000100.00000,0.300000000000E-02,0,0,0,0;                            77P    221
126,1,1,0,0,1,0,                                                      79P    222
0.00000000000,0.00000000000,1.00000000000,                            79P    223
1.00000000000,1.00000000000,1.00000000000,                            79P    224
0.350000000000E-01,0.00000000000,0.400000000000E-01,                  79P    225
0.350000000000E-01,0.300000000000E-02,0.400000000000E-01,             79P    226
0.00000000000,1.00000000000,0.00000000000,                            79P    227
0.00000000000,0.00000000000,0,1,77;                                   79P    228
322,8HLINE_ATT,5002,4,1,1,1,10,2,1,2,11,12,                           81P    229
3,1,7,0,0,0,0,100000,0,0,4,2,2,                                       81P    230
-1000100.00000,0.290000000000E-01,0,0,0,0;                            81P    231
126,1,1,0,0,1,0,                                                      83P    232
0.00000000000,0.00000000000,1.00000000000,                            83P    233
1.00000000000,1.00000000000,1.00000000000,                            83P    234
0.350000000000E-01,0.300000000000E-02,0.400000000000E-01,             83P    235
0.600000000000E-02,0.300000000000E-02,0.400000000000E-01,             83P    236
0.00000000000,1.00000000000,0.00000000000,                            83P    237
0.00000000000,0.00000000000,0,1,81;                                   83P    238
322,8HLINE_ATT,5002,4,1,1,1,11,2,1,2,12,13,                           85P    239
3,1,7,0,0,0,0,100000,0,0,4,2,2,                                       85P    240
-1000100.00000,0.471238898256E-02,0,0,0,0;                            85P    241
126,2,2,0,0,0,0,                                                      87P    242
0.00000000000,0.00000000000,0.00000000000,                            87P    243
1.00000000000,1.00000000000,1.00000000000,                            87P    244
1.00000000000,0.707106781187,1.00000000000,                           87P    245
0.600000000000E-02,0.300000000000E-02,0.400000000000E-01,             87P    246
0.300000000000E-02,0.300000000000E-02,0.400000000000E-01,             87P    247
0.300000000000E-02,0.600000000000E-02,0.400000000000E-01,             87P    248
0.00000000000,1.00000000000,0.00000000000,                            87P    249
0.00000000000,0.00000000000,0,1,85;                                   87P    250
322,8HLINE_ATT,5002,4,1,1,1,12,2,1,2,13,14,                           89P    251
3,1,7,0,0,0,0,100000,0,0,4,2,2,                                       89P    252
-1000100.00000,0.370000000000E-01,0,0,0,0;                            89P    253
126,1,1,0,0,1,0,                                                      91P    254
0.00000000000,0.00000000000,1.00000000000,                            91P    255
1.00000000000,1.00000000000,1.00000000000,                            91P    256
0.300000000000E-02,0.600000000000E-02,0.400000000000E-01,             91P    257
0.300000000000E-02,0.430000000000E-01,0.400000000000E-01,             91P    258
0.00000000000,1.00000000000,0.00000000000,                            91P    259
0.00000000000,0.00000000000,0,1,89;                                   91P    260
322,8HLINE_ATT,5002,4,1,1,1,13,2,1,2,14,15,                           93P    261
3,1,7,0,0,0,0,100000,0,0,4,2,2,                                       93P    262
-1000100.00000,0.300000000000E-02,0,0,0,0;                            93P    263
126,1,1,0,0,1,0,                                                      95P    264
0.00000000000,0.00000000000,1.00000000000,                            95P    265
1.00000000000,1.00000000000,1.00000000000,                            95P    266
0.300000000000E-02,0.430000000000E-01,0.400000000000E-01,             95P    267
0.00000000000,0.430000000000E-01,0.400000000000E-01,                  95P    268
0.00000000000,1.00000000000,0.00000000000,                            95P    269
0.00000000000,0.00000000000,0,1,93;                                   95P    270
322,8HLINE_ATT,5002,4,1,1,1,14,2,1,2,15,9,                            97P    271
3,1,7,0,0,0,0,100000,0,0,4,2,2,                                       97P    272
-1000100.00000,0.430000000000E-01,0,0,0,0;                            97P    273
126,1,1,0,0,1,0,                                                      99P    274
0.00000000000,0.00000000000,1.00000000000,                            99P    275
1.00000000000,1.00000000000,1.00000000000,                            99P    276
0.00000000000,0.430000000000E-01,0.400000000000E-01,                  99P    277
0.00000000000,0.00000000000,0.400000000000E-01,                       99P    278
0.00000000000,1.00000000000,0.00000000000,                            99P    279
0.00000000000,0.00000000000,0,1,97;                                   99P    280
102,7,75,79,83,87,91,                                                101P    281
95,99,0,0,0,0;                                                       101P    282
142,0,55,71,101,2,0;                                                 103P    283
144,55,1,0,103,0,0;                                                  105P    284
128,1,1,1,1,0,0,                                                     107P    285
1,0,0,                                                               107P    286
0.00000000000,0.00000000000,1.00000000000,                           107P    287
1.00000000000,0.00000000000,0.00000000000,                           107P    288
1.00000000000,1.00000000000,1.00000000000,                           107P    289
1.00000000000,1.00000000000,1.00000000000,                           107P    290
0.00000000000,0.00000000000,0.00000000000,                           107P    291
0.350000000000E-01,0.00000000000,0.00000000000,                      107P    292
0.00000000000,0.00000000000,0.400000000000E-01,                      107P    293
0.350000000000E-01,0.00000000000,0.400000000000E-01,                 107P    294
0.00000000000,1.00000000000,0.00000000000,                           107P    295
1.00000000000,0,0,0;                                                 107P    296
126,4,3,1,0,1,0,                                                     109P    297
0.00000000000,0.00000000000,0.00000000000,                           109P    298
0.00000000000,0.500000000000,1.00000000000,                          109P    299
1.00000000000,1.00000000000,1.00000000000,                           109P    300
1.00000000000,1.00000000000,1.00000000000,                           109P    301
1.00000000000,1.00000000000,0.00000000000,                           109P    302
0.00000000000,0.00000000000,0.166666666667,                          109P    303
0.00000000000,0.00000000000,0.500000000000,                          109P    304
0.00000000000,0.00000000000,0.833333333333,                          109P    305
0.00000000000,0.00000000000,1.00000000000,                           109P    306
0.00000000000,0.00000000000,0.00000000000,                           109P    307
1.00000000000,0.00000000000,0.00000000000,                           109P    308
1.00000000000,0,0,0;                                                 109P    309
126,4,3,1,0,1,0,                                                     111P    310
0.00000000000,0.00000000000,0.00000000000,                           111P    311
0.00000000000,0.500000000000,1.00000000000,                          111P    312
1.00000000000,1.00000000000,1.00000000000,                           111P    313
1.00000000000,1.00000000000,1.00000000000,                           111P    314
1.00000000000,1.00000000000,1.00000000000,                           111P    315
0.00000000000,0.00000000000,1.00000000000,                           111P    316
0.166666666667,0.00000000000,1.00000000000,                          111P    317
0.500000000000,0.00000000000,1.00000000000,                          111P    318
0.833333333333,0.00000000000,1.00000000000,                          111P    319
1.00000000000,0.00000000000,0.00000000000,                           111P    320
1.00000000000,0.00000000000,0.00000000000,                           111P    321
1.00000000000,0,0,0;                                                 111P    322
126,4,3,1,0,1,0,                                                     113P    323
0.00000000000,0.00000000000,0.00000000000,                           113P    324
0.00000000000,0.500000000000,1.00000000000,                          113P    325
1.00000000000,1.00000000000,1.00000000000,                           113P    326
1.00000000000,1.00000000000,1.00000000000,                           113P    327
1.00000000000,1.00000000000,0.00000000000,                           113P    328
1.00000000000,0.00000000000,0.166666666667,                          113P    329
1.00000000000,0.00000000000,0.500000000000,                          113P    330
1.00000000000,0.00000000000,0.833333333333,                          113P    331
1.00000000000,0.00000000000,1.00000000000,                           113P    332
1.00000000000,0.00000000000,0.00000000000,                           113P    333
1.00000000000,0.00000000000,0.00000000000,                           113P    334
1.00000000000,0,0,0;                                                 113P    335
126,4,3,1,0,1,0,                                                     115P    336
0.00000000000,0.00000000000,0.00000000000,                           115P    337
0.00000000000,0.500000000000,1.00000000000,                          115P    338
1.00000000000,1.00000000000,1.00000000000,                           115P    339
1.00000000000,1.00000000000,1.00000000000,                           115P    340
1.00000000000,1.00000000000,0.00000000000,                           115P    341
0.00000000000,0.00000000000,0.00000000000,                           115P    342
0.166666666667,0.00000000000,0.00000000000,                          115P    343
0.500000000000,0.00000000000,0.00000000000,                          115P    344
0.833333333333,0.00000000000,0.00000000000,                          115P    345
1.00000000000,0.00000000000,0.00000000000,                           115P    346
1.00000000000,0.00000000000,0.00000000000,                           115P    347
1.00000000000,0,0,0;                                                 115P    348
102,4,109,111,113,115,0;                                             117P    349
322,8HLINE_ATT,5002,2,1,1,1,1,2,1,2,1,2;                             119P    350
126,1,1,0,0,1,0,                                                     121P    351
0.00000000000,0.00000000000,1.00000000000,                           121P    352
1.00000000000,1.00000000000,1.00000000000,                           121P    353
0.00000000000,0.00000000000,0.00000000000,                           121P    354
0.350000000000E-01,0.00000000000,0.00000000000,                      121P    355
0.00000000000,1.00000000000,0.00000000000,                           121P    356
0.00000000000,0.00000000000,0,1,119;                                 121P    357
322,8HLINE_ATT,5002,4,1,1,1,16,2,1,2,2,10,                           123P    358
3,1,7,0,0,0,0,100000,0,0,4,2,2,                                      123P    359
-1000100.00000,0.400000000000E-01,0,0,0,0;                           123P    360
126,1,1,0,0,1,0,                                                     125P    361
0.00000000000,0.00000000000,1.00000000000,                           125P    362
1.00000000000,1.00000000000,1.00000000000,                           125P    363
0.350000000000E-01,0.00000000000,0.00000000000,                      125P    364
0.350000000000E-01,0.00000000000,0.400000000000E-01,                 125P    365
0.00000000000,1.00000000000,0.00000000000,                           125P    366
0.00000000000,0.00000000000,0,1,123;                                 125P    367
322,8HLINE_ATT,5002,2,1,1,1,8,2,1,2,9,10;                            127P    368
126,1,1,0,0,1,0,                                                     129P    369
0.00000000000,0.00000000000,1.00000000000,                           129P    370
1.00000000000,1.00000000000,1.00000000000,                           129P    371
0.00000000000,0.00000000000,0.400000000000E-01,                      129P    372
0.350000000000E-01,0.00000000000,0.400000000000E-01,                 129P    373
0.00000000000,1.00000000000,0.00000000000,                           129P    374
0.00000000000,0.00000000000,0,1,127;                                 129P    375
322,8HLINE_ATT,5002,4,1,1,1,15,2,1,2,1,9,                            131P    376
3,1,7,0,0,0,0,100000,0,0,4,2,2,                                      131P    377
-1000100.00000,0.400000000000E-01,0,0,0,0;                           131P    378
126,1,1,0,0,1,0,                                                     133P    379
0.00000000000,0.00000000000,1.00000000000,                           133P    380
1.00000000000,1.00000000000,1.00000000000,                           133P    381
0.00000000000,0.00000000000,0.00000000000,                           133P    382
0.00000000000,0.00000000000,0.400000000000E-01,                      133P    383
0.00000000000,1.00000000000,0.00000000000,                           133P    384
0.00000000000,0.00000000000,0,1,131;                                 133P    385
102,4,121,125,129,133,0;                                             135P    386
142,0,107,117,135,2,0;                                               137P    387
144,107,1,0,137,0,0;                                                 139P    388
128,1,1,1,1,0,0,                                                     141P    389
1,0,0,                                                               141P    390
0.00000000000,0.00000000000,1.00000000000,                           141P    391
1.00000000000,0.00000000000,0.00000000000,                           141P    392
1.00000000000,1.00000000000,1.00000000000,                           141P    393
1.00000000000,1.00000000000,1.00000000000,                           141P    394
0.350000000000E-01,0.00000000000,0.00000000000,                      141P    395
0.350000000000E-01,0.300000000000E-02,0.00000000000,                 141P    396
0.350000000000E-01,0.00000000000,0.400000000000E-01,                 141P    397
0.350000000000E-01,0.300000000000E-02,0.400000000000E-01,            141P    398
0.00000000000,1.00000000000,0.00000000000,                           141P    399
1.00000000000,0,0,0;                                                 141P    400
126,4,3,1,0,1,0,                                                     143P    401
0.00000000000,0.00000000000,0.00000000000,                           143P    402
0.00000000000,0.500000000000,1.00000000000,                          143P    403
1.00000000000,1.00000000000,1.00000000000,                           143P    404
1.00000000000,1.00000000000,1.00000000000,                           143P    405
1.00000000000,1.00000000000,0.00000000000,                           143P    406
0.00000000000,0.00000000000,0.166666666667,                          143P    407
0.00000000000,0.00000000000,0.500000000000,                          143P    408
0.00000000000,0.00000000000,0.833333333333,                          143P    409
0.00000000000,0.00000000000,1.00000000000,                           143P    410
0.00000000000,0.00000000000,0.00000000000,                           143P    411
1.00000000000,0.00000000000,0.00000000000,                           143P    412
1.00000000000,0,0,0;                                                 143P    413
126,4,3,1,0,1,0,                                                     145P    414
0.00000000000,0.00000000000,0.00000000000,                           145P    415
0.00000000000,0.500000000000,1.00000000000,                          145P    416
1.00000000000,1.00000000000,1.00000000000,                           145P    417
1.00000000000,1.00000000000,1.00000000000,                           145P    418
1.00000000000,1.00000000000,1.00000000000,                           145P    419
0.00000000000,0.00000000000,1.00000000000,                           145P    420
0.166666666667,0.00000000000,1.00000000000,                          145P    421
0.500000000000,0.00000000000,1.00000000000,                          145P    422
0.833333333333,0.00000000000,1.00000000000,                          145P    423
1.00000000000,0.00000000000,0.00000000000,                           145P    424
1.00000000000,0.00000000000,0.00000000000,                           145P    425
1.00000000000,0,0,0;                                                 145P    426
126,4,3,1,0,1,0,                                                     147P    427
0.00000000000,0.00000000000,0.00000000000,                           147P    428
0.00000000000,0.500000000000,1.00000000000,                          147P    429
1.00000000000,1.00000000000,1.00000000000,                           147P    430
1.00000000000,1.00000000000,1.00000000000,                           147P    431
1.00000000000,1.00000000000,0.00000000000,                           147P    432
1.00000000000,0.00000000000,0.166666666667,                          147P    433
1.00000000000,0.00000000000,0.500000000000,                          147P    434
1.00000000000,0.00000000000,0.833333333333,                          147P    435
1.00000000000,0.00000000000,1.00000000000,                           147P    436
1.00000000000,0.00000000000,0.00000000000,                           147P    437
1.00000000000,0.00000000000,0.00000000000,                           147P    438
1.00000000000,0,0,0;                                                 147P    439
126,4,3,1,0,1,0,                                                     149P    440
0.00000000000,0.00000000000,0.00000000000,                           149P    441
0.00000000000,0.500000000000,1.00000000000,                          149P    442
1.00000000000,1.00000000000,1.00000000000,                           149P    443
1.00000000000,1.00000000000,1.00000000000,                           149P    444
1.00000000000,1.00000000000,0.00000000000,                           149P    445
0.00000000000,0.00000000000,0.00000000000,                           149P    446
0.166666666667,0.00000000000,0.00000000000,                          149P    447
0.500000000000,0.00000000000,0.00000000000,                          149P    448
0.833333333333,0.00000000000,0.00000000000,                          149P    449
1.00000000000,0.00000000000,0.00000000000,                           149P    450
1.00000000000,0.00000000000,0.00000000000,                           149P    451
1.00000000000,0,0,0;                                                 149P    452
102,4,143,145,147,149,0;                                             151P    453
322,8HLINE_ATT,5002,2,1,1,1,2,2,1,2,2,3;                             153P    454
126,1,1,0,0,1,0,                                                     155P    455
0.00000000000,0.00000000000,1.00000000000,                           155P    456
1.00000000000,1.00000000000,1.00000000000,                           155P    457
0.350000000000E-01,0.00000000000,0.00000000000,                      155P    458
0.350000000000E-01,0.300000000000E-02,0.00000000000,                 155P    459
0.00000000000,1.00000000000,0.00000000000,                           155P    460
0.00000000000,0.00000000000,0,1,153;                                 155P    461
322,8HLINE_ATT,5002,4,1,1,1,17,2,1,2,3,11,                           157P    462
3,1,7,0,0,0,0,100000,0,0,4,2,2,                                      157P    463
-1000100.00000,0.400000000000E-01,0,0,0,0;                           157P    464
126,1,1,0,0,1,0,                                                     159P    465
0.00000000000,0.00000000000,1.00000000000,                           159P    466
1.00000000000,1.00000000000,1.00000000000,                           159P    467
0.350000000000E-01,0.300000000000E-02,0.00000000000,                 159P    468
0.350000000000E-01,0.300000000000E-02,0.400000000000E-01,            159P    469
0.00000000000,1.00000000000,0.00000000000,                           159P    470
0.00000000000,0.00000000000,0,1,157;                                 159P    471
322,8HLINE_ATT,5002,2,1,1,1,9,2,1,2,10,11;                           161P    472
126,1,1,0,0,1,0,                                                     163P    473
0.00000000000,0.00000000000,1.00000000000,                           163P    474
1.00000000000,1.00000000000,1.00000000000,                           163P    475
0.350000000000E-01,0.00000000000,0.400000000000E-01,                 163P    476
0.350000000000E-01,0.300000000000E-02,0.400000000000E-01,            163P    477
0.00000000000,1.00000000000,0.00000000000,                           163P    478
0.00000000000,0.00000000000,0,1,161;                                 163P    479
322,8HLINE_ATT,5002,2,1,1,1,16,2,1,2,2,10;                           165P    480
126,1,1,0,0,1,0,                                                     167P    481
0.00000000000,0.00000000000,1.00000000000,                           167P    482
1.00000000000,1.00000000000,1.00000000000,                           167P    483
0.350000000000E-01,0.00000000000,0.00000000000,                      167P    484
0.350000000000E-01,0.00000000000,0.400000000000E-01,                 167P    485
0.00000000000,1.00000000000,0.00000000000,                           167P    486
0.00000000000,0.00000000000,0,1,165;                                 167P    487
102,4,155,159,163,167,0;                                             169P    488
142,0,141,151,169,2,0;                                               171P    489
144,141,1,0,171,0,0;                                                 173P    490
128,1,1,1,1,0,0,                                                     175P    491
1,0,0,                                                               175P    492
0.00000000000,0.00000000000,1.00000000000,                           175P    493
1.00000000000,0.00000000000,0.00000000000,                           175P    494
1.00000000000,1.00000000000,1.00000000000,                           175P    495
1.00000000000,1.00000000000,1.00000000000,                           175P    496
0.350000000000E-01,0.300000000000E-02,0.00000000000,                 175P    497
0.600000000000E-02,0.300000000000E-02,0.00000000000,                 175P    498
0.350000000000E-01,0.300000000000E-02,0.400000000000E-01,            175P    499
0.600000000000E-02,0.300000000000E-02,0.400000000000E-01,            175P    500
0.00000000000,1.00000000000,0.00000000000,                           175P    501
1.00000000000,0,0,0;                                                 175P    502
126,4,3,1,0,1,0,                                                     177P    503
0.00000000000,0.00000000000,0.00000000000,                           177P    504
0.00000000000,0.500000000000,1.00000000000,                          177P    505
1.00000000000,1.00000000000,1.00000000000,                           177P    506
1.00000000000,1.00000000000,1.00000000000,                           177P    507
1.00000000000,1.00000000000,0.00000000000,                           177P    508
0.00000000000,0.00000000000,0.166666666667,                          177P    509
0.00000000000,0.00000000000,0.500000000000,                          177P    510
0.00000000000,0.00000000000,0.833333333333,                          177P    511
0.00000000000,0.00000000000,1.00000000000,                           177P    512
0.00000000000,0.00000000000,0.00000000000,                           177P    513
1.00000000000,0.00000000000,0.00000000000,                           177P    514
1.00000000000,0,0,0;                                                 177P    515
126,4,3,1,0,1,0,                                                     179P    516
0.00000000000,0.00000000000,0.00000000000,                           179P    517
0.00000000000,0.500000000000,1.00000000000,                          179P    518
1.00000000000,1.00000000000,1.00000000000,                           179P    519
1.00000000000,1.00000000000,1.00000000000,                           179P    520
1.00000000000,1.00000000000,1.00000000000,                           179P    521
0.00000000000,0.00000000000,1.00000000000,                           179P    522
0.166666666667,0.00000000000,1.00000000000,                          179P    523
0.500000000000,0.00000000000,1.00000000000,                          179P    524
0.833333333333,0.00000000000,1.00000000000,                          179P    525
1.00000000000,0.00000000000,0.00000000000,                           179P    526
1.00000000000,0.00000000000,0.00000000000,                           179P    527
1.00000000000,0,0,0;                                                 179P    528
126,4,3,1,0,1,0,                                                     181P    529
0.00000000000,0.00000000000,0.00000000000,                           181P    530
0.00000000000,0.500000000000,1.00000000000,                          181P    531
1.00000000000,1.00000000000,1.00000000000,                           181P    532
1.00000000000,1.00000000000,1.00000000000,                           181P    533
1.00000000000,1.00000000000,0.00000000000,                           181P    534
1.00000000000,0.00000000000,0.166666666667,                          181P    535
1.00000000000,0.00000000000,0.500000000000,                          181P    536
1.00000000000,0.00000000000,0.833333333333,                          181P    537
1.00000000000,0.00000000000,1.00000000000,                           181P    538
1.00000000000,0.00000000000,0.00000000000,                           181P    539
1.00000000000,0.00000000000,0.00000000000,                           181P    540
1.00000000000,0,0,0;                                                 181P    541
126,4,3,1,0,1,0,                                                     183P    542
0.00000000000,0.00000000000,0.00000000000,                           183P    543
0.00000000000,0.500000000000,1.00000000000,                          183P    544
1.00000000000,1.00000000000,1.00000000000,                           183P    545
1.00000000000,1.00000000000,1.00000000000,                           183P    546
1.00000000000,1.00000000000,0.00000000000,                           183P    547
0.00000000000,0.00000000000,0.00000000000,                           183P    548
0.166666666667,0.00000000000,0.00000000000,                          183P    549
0.500000000000,0.00000000000,0.00000000000,                          183P    550
0.833333333333,0.00000000000,0.00000000000,                          183P    551
1.00000000000,0.00000000000,0.00000000000,                           183P    552
1.00000000000,0.00000000000,0.00000000000,                           183P    553
1.00000000000,0,0,0;                                                 183P    554
102,4,177,179,181,183,0;                                             185P    555
322,8HLINE_ATT,5002,2,1,1,1,3,2,1,2,3,7;                             187P    556
126,1,1,0,0,1,0,                                                     189P    557
0.00000000000,0.00000000000,1.00000000000,                           189P    558
1.00000000000,1.00000000000,1.00000000000,                           189P    559
0.350000000000E-01,0.300000000000E-02,0.00000000000,                 189P    560
0.600000000000E-02,0.300000000000E-02,0.00000000000,                 189P    561
0.00000000000,1.00000000000,0.00000000000,                           189P    562
0.00000000000,0.00000000000,0,1,187;                                 189P    563
322,8HLINE_ATT,5002,4,1,1,1,18,2,1,2,7,12,                           191P    564
3,1,7,0,0,0,0,100000,0,0,4,2,2,                                      191P    565
-1000100.00000,0.400000000000E-01,0,0,0,0;                           191P    566
126,1,1,0,0,1,0,                                                     193P    567
0.00000000000,0.00000000000,1.00000000000,                           193P    568
1.00000000000,1.00000000000,1.00000000000,                           193P    569
0.600000000000E-02,0.300000000000E-02,0.00000000000,                 193P    570
0.600000000000E-02,0.300000000000E-02,0.400000000000E-01,            193P    571
0.00000000000,1.00000000000,0.00000000000,                           193P    572
0.00000000000,0.00000000000,0,1,191;                                 193P    573
322,8HLINE_ATT,5002,2,1,1,1,10,2,1,2,11,12;                          195P    574
126,1,1,0,0,1,0,                                                     197P    575
0.00000000000,0.00000000000,1.00000000000,                           197P    576
1.00000000000,1.00000000000,1.00000000000,                           197P    577
0.350000000000E-01,0.300000000000E-02,0.400000000000E-01,            197P    578
0.600000000000E-02,0.300000000000E-02,0.400000000000E-01,            197P    579
0.00000000000,1.00000000000,0.00000000000,                           197P    580
0.00000000000,0.00000000000,0,1,195;                                 197P    581
322,8HLINE_ATT,5002,2,1,1,1,17,2,1,2,3,11;                           199P    582
126,1,1,0,0,1,0,                                                     201P    583
0.00000000000,0.00000000000,1.00000000000,                           201P    584
1.00000000000,1.00000000000,1.00000000000,                           201P    585
0.350000000000E-01,0.300000000000E-02,0.00000000000,                 201P    586
0.350000000000E-01,0.300000000000E-02,0.400000000000E-01,            201P    587
0.00000000000,1.00000000000,0.00000000000,                           201P    588
0.00000000000,0.00000000000,0,1,199;                                 201P    589
102,4,189,193,197,201,0;                                             203P    590
142,0,175,185,203,2,0;                                               205P    591
144,175,1,0,205,0,0;                                                 207P    592
128,2,1,2,1,0,0,                                                     209P    593
0,0,0,                                                               209P    594
0.00000000000,0.00000000000,0.00000000000,                           209P    595
1.00000000000,1.00000000000,1.00000000000,                           209P    596
0.00000000000,0.00000000000,1.00000000000,                           209P    597
1.00000000000,1.00000000000,0.707106781187,                          209P    598
1.00000000000,1.00000000000,0.707106781187,                          209P    599
1.00000000000,0.600000000000E-02,0.300000000000E-02,                 209P    600
0.00000000000,0.300000000000E-02,0.300000000000E-02,                 209P    601
0.00000000000,0.300000000000E-02,0.600000000000E-02,                 209P    602
0.00000000000,0.600000000000E-02,0.300000000000E-02,                 209P    603
0.400000000000E-01,0.300000000000E-02,0.300000000000E-02,            209P    604
0.400000000000E-01,0.300000000000E-02,0.600000000000E-02,            209P    605
0.400000000000E-01,0.00000000000,1.00000000000,                      209P    606
0.00000000000,1.00000000000,0,0,0;                                   209P    607
126,4,3,1,0,1,0,                                                     211P    608
0.00000000000,0.00000000000,0.00000000000,                           211P    609
0.00000000000,0.500000000000,1.00000000000,                          211P    610
1.00000000000,1.00000000000,1.00000000000,                           211P    611
1.00000000000,1.00000000000,1.00000000000,                           211P    612
1.00000000000,1.00000000000,0.00000000000,                           211P    613
0.00000000000,0.00000000000,0.166666666667,                          211P    614
0.00000000000,0.00000000000,0.500000000000,                          211P    615
0.00000000000,0.00000000000,0.833333333333,                          211P    616
0.00000000000,0.00000000000,1.00000000000,                           211P    617
0.00000000000,0.00000000000,0.00000000000,                           211P    618
1.00000000000,0.00000000000,0.00000000000,                           211P    619
1.00000000000,0,0,0;                                                 211P    620
126,4,3,1,0,1,0,                                                     213P    621
0.00000000000,0.00000000000,0.00000000000,                           213P    622
0.00000000000,0.500000000000,1.00000000000,                          213P    623
1.00000000000,1.00000000000,1.00000000000,                           213P    624
1.00000000000,1.00000000000,1.00000000000,                           213P    625
1.00000000000,1.00000000000,1.00000000000,                           213P    626
0.00000000000,0.00000000000,1.00000000000,                           213P    627
0.166666666667,0.00000000000,1.00000000000,                          213P    628
0.500000000000,0.00000000000,1.00000000000,                          213P    629
0.833333333333,0.00000000000,1.00000000000,                          213P    630
1.00000000000,0.00000000000,0.00000000000,                           213P    631
1.00000000000,0.00000000000,0.00000000000,                           213P    632
1.00000000000,0,0,0;                                                 213P    633
126,4,3,1,0,1,0,                                                     215P    634
0.00000000000,0.00000000000,0.00000000000,                           215P    635
0.00000000000,0.500000000000,1.00000000000,                          215P    636
1.00000000000,1.00000000000,1.00000000000,                           215P    637
1.00000000000,1.00000000000,1.00000000000,                           215P    638
1.00000000000,1.00000000000,0.00000000000,                           215P    639
1.00000000000,0.00000000000,0.166666666667,                          215P    640
1.00000000000,0.00000000000,0.500000000000,                          215P    641
1.00000000000,0.00000000000,0.833333333333,                          215P    642
1.00000000000,0.00000000000,1.00000000000,                           215P    643
1.00000000000,0.00000000000,0.00000000000,                           215P    644
1.00000000000,0.00000000000,0.00000000000,                           215P    645
1.00000000000,0,0,0;                                                 215P    646
126,4,3,1,0,1,0,                                                     217P    647
0.00000000000,0.00000000000,0.00000000000,                           217P    648
0.00000000000,0.500000000000,1.00000000000,                          217P    649
1.00000000000,1.00000000000,1.00000000000,                           217P    650
1.00000000000,1.00000000000,1.00000000000,                           217P    651
1.00000000000,1.00000000000,0.00000000000,                           217P    652
0.00000000000,0.00000000000,0.00000000000,                           217P    653
0.166666666667,0.00000000000,0.00000000000,                          217P    654
0.500000000000,0.00000000000,0.00000000000,                          217P    655
0.833333333333,0.00000000000,0.00000000000,                          217P    656
1.00000000000,0.00000000000,0.00000000000,                           217P    657
1.00000000000,0.00000000000,0.00000000000,                           217P    658
1.00000000000,0,0,0;                                                 217P    659
102,4,211,213,215,217,0;                                             219P    660
322,8HLINE_ATT,5002,2,1,1,1,7,2,1,2,7,8;                             221P    661
126,2,2,0,0,0,0,                                                     223P    662
0.00000000000,0.00000000000,0.00000000000,                           223P    663
1.00000000000,1.00000000000,1.00000000000,                           223P    664
1.00000000000,0.707106781187,1.00000000000,                          223P    665
0.600000000000E-02,0.300000000000E-02,0.00000000000,                 223P    666
0.300000000000E-02,0.300000000000E-02,0.00000000000,                 223P    667
0.300000000000E-02,0.600000000000E-02,0.00000000000,                 223P    668
0.00000000000,1.00000000000,0.00000000000,                           223P    669
0.00000000000,0.00000000000,0,1,221;                                 223P    670
322,8HLINE_ATT,5002,4,1,1,1,19,2,1,2,8,13,                           225P    671
3,1,7,0,0,0,0,100000,0,0,4,2,2,                                      225P    672
-1000100.00000,0.400000000000E-01,0,0,0,0;                           225P    673
126,1,1,0,0,1,0,                                                     227P    674
0.00000000000,0.00000000000,1.00000000000,                           227P    675
1.00000000000,1.00000000000,1.00000000000,                           227P    676
0.300000000000E-02,0.600000000000E-02,0.00000000000,                 227P    677
0.300000000000E-02,0.600000000000E-02,0.400000000000E-01,            227P    678
0.00000000000,1.00000000000,0.00000000000,                           227P    679
0.00000000000,0.00000000000,0,1,225;                                 227P    680
322,8HLINE_ATT,5002,2,1,1,1,11,2,1,2,12,13;                          229P    681
126,2,2,0,0,0,0,                                                     231P    682
0.00000000000,0.00000000000,0.00000000000,                           231P    683
1.00000000000,1.00000000000,1.00000000000,                           231P    684
1.00000000000,0.707106781187,1.00000000000,                          231P    685
0.600000000000E-02,0.300000000000E-02,0.400000000000E-01,            231P    686
0.300000000000E-02,0.300000000000E-02,0.400000000000E-01,            231P    687
0.300000000000E-02,0.600000000000E-02,0.400000000000E-01,            231P    688
0.00000000000,1.00000000000,0.00000000000,                           231P    689
0.00000000000,0.00000000000,0,1,229;                                 231P    690
322,8HLINE_ATT,5002,2,1,1,1,18,2,1,2,7,12;                           233P    691
126,1,1,0,0,1,0,                                                     235P    692
0.00000000000,0.00000000000,1.00000000000,                           235P    693
1.00000000000,1.00000000000,1.00000000000,                           235P    694
0.600000000000E-02,0.300000000000E-02,0.00000000000,                 235P    695
0.600000000000E-02,0.300000000000E-02,0.400000000000E-01,            235P    696
0.00000000000,1.00000000000,0.00000000000,                           235P    697
0.00000000000,0.00000000000,0,1,233;                                 235P    698
102,4,223,227,231,235,0;                                             237P    699
142,0,209,219,237,2,0;                                               239P    700
144,209,1,0,239,0,0;                                                 241P    701
128,1,1,1,1,0,0,                                                     243P    702
1,0,0,                                                               243P    703
0.00000000000,0.00000000000,1.00000000000,                           243P    704
1.00000000000,0.00000000000,0.00000000000,                           243P    705
1.00000000000,1.00000000000,1.00000000000,                           243P    706
1.00000000000,1.00000000000,1.00000000000,                           243P    707
0.300000000000E-02,0.600000000000E-02,0.00000000000,                 243P    708
0.300000000000E-02,0.430000000000E-01,0.00000000000,                 243P    709
0.300000000000E-02,0.600000000000E-02,0.400000000000E-01,            243P    710
0.300000000000E-02,0.430000000000E-01,0.400000000000E-01,            243P    711
0.00000000000,1.00000000000,0.00000000000,                           243P    712
1.00000000000,0,0,0;                                                 243P    713
126,4,3,1,0,1,0,                                                     245P    714
0.00000000000,0.00000000000,0.00000000000,                           245P    715
0.00000000000,0.500000000000,1.00000000000,                          245P    716
1.00000000000,1.00000000000,1.00000000000,                           245P    717
1.00000000000,1.00000000000,1.00000000000,                           245P    718
1.00000000000,1.00000000000,0.00000000000,                           245P    719
0.00000000000,0.00000000000,0.166666666667,                          245P    720
0.00000000000,0.00000000000,0.500000000000,                          245P    721
0.00000000000,0.00000000000,0.833333333333,                          245P    722
0.00000000000,0.00000000000,1.00000000000,                           245P    723
0.00000000000,0.00000000000,0.00000000000,                           245P    724
1.00000000000,0.00000000000,0.00000000000,                           245P    725
1.00000000000,0,0,0;                                                 245P    726
126,4,3,1,0,1,0,                                                     247P    727
0.00000000000,0.00000000000,0.00000000000,                           247P    728
0.00000000000,0.500000000000,1.00000000000,                          247P    729
1.00000000000,1.00000000000,1.00000000000,                           247P    730
1.00000000000,1.00000000000,1.00000000000,                           247P    731
1.00000000000,1.00000000000,1.00000000000,                           247P    732
0.00000000000,0.00000000000,1.00000000000,                           247P    733
0.166666666667,0.00000000000,1.00000000000,                          247P    734
0.500000000000,0.00000000000,1.00000000000,                          247P    735
0.833333333333,0.00000000000,1.00000000000,                          247P    736
1.00000000000,0.00000000000,0.00000000000,                           247P    737
1.00000000000,0.00000000000,0.00000000000,                           247P    738
1.00000000000,0,0,0;                                                 247P    739
126,4,3,1,0,1,0,                                                     249P    740
0.00000000000,0.00000000000,0.00000000000,                           249P    741
0.00000000000,0.500000000000,1.00000000000,                          249P    742
1.00000000000,1.00000000000,1.00000000000,                           249P    743
1.00000000000,1.00000000000,1.00000000000,                           249P    744
1.00000000000,1.00000000000,0.00000000000,                           249P    745
1.00000000000,0.00000000000,0.166666666667,                          249P    746
1.00000000000,0.00000000000,0.500000000000,                          249P    747
1.00000000000,0.00000000000,0.833333333333,                          249P    748
1.00000000000,0.00000000000,1.00000000000,                           249P    749
1.00000000000,0.00000000000,0.00000000000,                           249P    750
1.00000000000,0.00000000000,0.00000000000,                           249P    751
1.00000000000,0,0,0;                                                 249P    752
126,4,3,1,0,1,0,                                                     251P    753
0.00000000000,0.00000000000,0.00000000000,                           251P    754
0.00000000000,0.500000000000,1.00000000000,                          251P    755
1.00000000000,1.00000000000,1.00000000000,                           251P    756
1.00000000000,1.00000000000,1.00000000000,                           251P    757
1.00000000000,1.00000000000,0.00000000000,                           251P    758
0.00000000000,0.00000000000,0.00000000000,                           251P    759
0.166666666667,0.00000000000,0.00000000000,                          251P    760
0.500000000000,0.00000000000,0.00000000000,                          251P    761
0.833333333333,0.00000000000,0.00000000000,                          251P    762
1.00000000000,0.00000000000,0.00000000000,                           251P    763
1.00000000000,0.00000000000,0.00000000000,                           251P    764
1.00000000000,0,0,0;                                                 251P    765
102,4,245,247,249,251,0;                                             253P    766
322,8HLINE_ATT,5002,2,1,1,1,4,2,1,2,8,5;                             255P    767
126,1,1,0,0,1,0,                                                     257P    768
0.00000000000,0.00000000000,1.00000000000,                           257P    769
1.00000000000,1.00000000000,1.00000000000,                           257P    770
0.300000000000E-02,0.600000000000E-02,0.00000000000,                 257P    771
0.300000000000E-02,0.430000000000E-01,0.00000000000,                 257P    772
0.00000000000,1.00000000000,0.00000000000,                           257P    773
0.00000000000,0.00000000000,0,1,255;                                 257P    774
322,8HLINE_ATT,5002,4,1,1,1,20,2,1,2,5,14,                           259P    775
3,1,7,0,0,0,0,100000,0,0,4,2,2,                                      259P    776
-1000100.00000,0.400000000000E-01,0,0,0,0;                           259P    777
126,1,1,0,0,1,0,                                                     261P    778
0.00000000000,0.00000000000,1.00000000000,                           261P    779
1.00000000000,1.00000000000,1.00000000000,                           261P    780
0.300000000000E-02,0.430000000000E-01,0.00000000000,                 261P    781
0.300000000000E-02,0.430000000000E-01,0.400000000000E-01,            261P    782
0.00000000000,1.00000000000,0.00000000000,                           261P    783
0.00000000000,0.00000000000,0,1,259;                                 261P    784
322,8HLINE_ATT,5002,2,1,1,1,12,2,1,2,13,14;                          263P    785
126,1,1,0,0,1,0,                                                     265P    786
0.00000000000,0.00000000000,1.00000000000,                           265P    787
1.00000000000,1.00000000000,1.00000000000,                           265P    788
0.300000000000E-02,0.600000000000E-02,0.400000000000E-01,            265P    789
0.300000000000E-02,0.430000000000E-01,0.400000000000E-01,            265P    790
0.00000000000,1.00000000000,0.00000000000,                           265P    791
0.00000000000,0.00000000000,0,1,263;                                 265P    792
322,8HLINE_ATT,5002,2,1,1,1,19,2,1,2,8,13;                           267P    793
126,1,1,0,0,1,0,                                                     269P    794
0.00000000000,0.00000000000,1.00000000000,                           269P    795
1.00000000000,1.00000000000,1.00000000000,                           269P    796
0.300000000000E-02,0.600000000000E-02,0.00000000000,                 269P    797
0.300000000000E-02,0.600000000000E-02,0.400000000000E-01,            269P    798
0.00000000000,1.00000000000,0.00000000000,                           269P    799
0.00000000000,0.00000000000,0,1,267;                                 269P    800
102,4,257,261,265,269,0;                                             271P    801
142,0,243,253,271,2,0;                                               273P    802
144,243,1,0,273,0,0;                                                 275P    803
128,1,1,1,1,0,0,                                                     277P    804
1,0,0,                                                               277P    805
0.00000000000,0.00000000000,1.00000000000,                           277P    806
1.00000000000,0.00000000000,0.00000000000,                           277P    807
1.00000000000,1.00000000000,1.00000000000,                           277P    808
1.00000000000,1.00000000000,1.00000000000,                           277P    809
0.300000000000E-02,0.430000000000E-01,0.00000000000,                 277P    810
0.00000000000,0.430000000000E-01,0.00000000000,                      277P    811
0.300000000000E-02,0.430000000000E-01,0.400000000000E-01,            277P    812
0.00000000000,0.430000000000E-01,0.400000000000E-01,                 277P    813
0.00000000000,1.00000000000,0.00000000000,                           277P    814
1.00000000000,0,0,0;                                                 277P    815
126,4,3,1,0,1,0,                                                     279P    816
0.00000000000,0.00000000000,0.00000000000,                           279P    817
0.00000000000,0.500000000000,1.00000000000,                          279P    818
1.00000000000,1.00000000000,1.00000000000,                           279P    819
1.00000000000,1.00000000000,1.00000000000,                           279P    820
1.00000000000,1.00000000000,0.00000000000,                           279P    821
0.00000000000,0.00000000000,0.166666666667,                          279P    822
0.00000000000,0.00000000000,0.500000000000,                          279P    823
0.00000000000,0.00000000000,0.833333333333,                          279P    824
0.00000000000,0.00000000000,1.00000000000,                           279P    825
0.00000000000,0.00000000000,0.00000000000,                           279P    826
1.00000000000,0.00000000000,0.00000000000,                           279P    827
1.00000000000,0,0,0;                                                 279P    828
126,4,3,1,0,1,0,                                                     281P    829
0.00000000000,0.00000000000,0.00000000000,                           281P    830
0.00000000000,0.500000000000,1.00000000000,                          281P    831
1.00000000000,1.00000000000,1.00000000000,                           281P    832
1.00000000000,1.00000000000,1.00000000000,                           281P    833
1.00000000000,1.00000000000,1.00000000000,                           281P    834
0.00000000000,0.00000000000,1.00000000000,                           281P    835
0.166666666667,0.00000000000,1.00000000000,                          281P    836
0.500000000000,0.00000000000,1.00000000000,                          281P    837
0.833333333333,0.00000000000,1.00000000000,                          281P    838
1.00000000000,0.00000000000,0.00000000000,                           281P    839
1.00000000000,0.00000000000,0.00000000000,                           281P    840
1.00000000000,0,0,0;                                                 281P    841
126,4,3,1,0,1,0,                                                     283P    842
0.00000000000,0.00000000000,0.00000000000,                           283P    843
0.00000000000,0.500000000000,1.00000000000,                          283P    844
1.00000000000,1.00000000000,1.00000000000,                           283P    845
1.00000000000,1.00000000000,1.00000000000,                           283P    846
1.00000000000,1.00000000000,0.00000000000,                           283P    847
1.00000000000,0.00000000000,0.166666666667,                          283P    848
1.00000000000,0.00000000000,0.500000000000,                          283P    849
1.00000000000,0.00000000000,0.833333333333,                          283P    850
1.00000000000,0.00000000000,1.00000000000,                           283P    851
1.00000000000,0.00000000000,0.00000000000,                           283P    852
1.00000000000,0.00000000000,0.00000000000,                           283P    853
1.00000000000,0,0,0;                                                 283P    854
126,4,3,1,0,1,0,                                                     285P    855
0.00000000000,0.00000000000,0.00000000000,                           285P    856
0.00000000000,0.500000000000,1.00000000000,                          285P    857
1.00000000000,1.00000000000,1.00000000000,                           285P    858
1.00000000000,1.00000000000,1.00000000000,                           285P    859
1.00000000000,1.00000000000,0.00000000000,                           285P    860
0.00000000000,0.00000000000,0.00000000000,                           285P    861
0.166666666667,0.00000000000,0.00000000000,                          285P    862
0.500000000000,0.00000000000,0.00000000000,                          285P    863
0.833333333333,0.00000000000,0.00000000000,                          285P    864
1.00000000000,0.00000000000,0.00000000000,                           285P    865
1.00000000000,0.00000000000,0.00000000000,                           285P    866
1.00000000000,0,0,0;                                                 285P    867
102,4,279,281,283,285,0;                                             287P    868
322,8HLINE_ATT,5002,2,1,1,1,5,2,1,2,5,6;                             289P    869
126,1,1,0,0,1,0,                                                     291P    870
0.00000000000,0.00000000000,1.00000000000,                           291P    871
1.00000000000,1.00000000000,1.00000000000,                           291P    872
0.300000000000E-02,0.430000000000E-01,0.00000000000,                 291P    873
0.00000000000,0.430000000000E-01,0.00000000000,                      291P    874
0.00000000000,1.00000000000,0.00000000000,                           291P    875
0.00000000000,0.00000000000,0,1,289;                                 291P    876
322,8HLINE_ATT,5002,4,1,1,1,21,2,1,2,6,15,                           293P    877
3,1,7,0,0,0,0,100000,0,0,4,2,2,                                      293P    878
-1000100.00000,0.400000000000E-01,0,0,0,0;                           293P    879
126,1,1,0,0,1,0,                                                     295P    880
0.00000000000,0.00000000000,1.00000000000,                           295P    881
1.00000000000,1.00000000000,1.00000000000,                           295P    882
0.00000000000,0.430000000000E-01,0.00000000000,                      295P    883
0.00000000000,0.430000000000E-01,0.400000000000E-01,                 295P    884
0.00000000000,1.00000000000,0.00000000000,                           295P    885
0.00000000000,0.00000000000,0,1,293;                                 295P    886
322,8HLINE_ATT,5002,2,1,1,1,13,2,1,2,14,15;                          297P    887
126,1,1,0,0,1,0,                                                     299P    888
0.00000000000,0.00000000000,1.00000000000,                           299P    889
1.00000000000,1.00000000000,1.00000000000,                           299P    890
0.300000000000E-02,0.430000000000E-01,0.400000000000E-01,            299P    891
0.00000000000,0.430000000000E-01,0.400000000000E-01,                 299P    892
0.00000000000,1.00000000000,0.00000000000,                           299P    893
0.00000000000,0.00000000000,0,1,297;                                 299P    894
322,8HLINE_ATT,5002,2,1,1,1,20,2,1,2,5,14;                           301P    895
126,1,1,0,0,1,0,                                                     303P    896
0.00000000000,0.00000000000,1.00000000000,                           303P    897
1.00000000000,1.00000000000,1.00000000000,                           303P    898
0.300000000000E-02,0.430000000000E-01,0.00000000000,                 303P    899
0.300000000000E-02,0.430000000000E-01,0.400000000000E-01,            303P    900
0.00000000000,1.00000000000,0.00000000000,                           303P    901
0.00000000000,0.00000000000,0,1,301;                                 303P    902
102,4,291,295,299,303,0;                                             305P    903
142,0,277,287,305,2,0;                                               307P    904
144,277,1,0,307,0,0;                                                 309P    905
128,1,1,1,1,0,0,                                                     311P    906
1,0,0,                                                               311P    907
0.00000000000,0.00000000000,1.00000000000,                           311P    908
1.00000000000,0.00000000000,0.00000000000,                           311P    909
1.00000000000,1.00000000000,1.00000000000,                           311P    910
1.00000000000,1.00000000000,1.00000000000,                           311P    911
0.00000000000,0.430000000000E-01,0.00000000000,                      311P    912
0.00000000000,0.00000000000,0.00000000000,                           311P    913
0.00000000000,0.430000000000E-01,0.400000000000E-01,                 311P    914
0.00000000000,0.00000000000,0.400000000000E-01,                      311P    915
0.00000000000,1.00000000000,0.00000000000,                           311P    916
1.00000000000,0,0,0;                                                 311P    917
126,4,3,1,0,1,0,                                                     313P    918
0.00000000000,0.00000000000,0.00000000000,                           313P    919
0.00000000000,0.500000000000,1.00000000000,                          313P    920
1.00000000000,1.00000000000,1.00000000000,                           313P    921
1.00000000000,1.00000000000,1.00000000000,                           313P    922
1.00000000000,1.00000000000,0.00000000000,                           313P    923
0.00000000000,0.00000000000,0.166666666667,                          313P    924
0.00000000000,0.00000000000,0.500000000000,                          313P    925
0.00000000000,0.00000000000,0.833333333333,                          313P    926
0.00000000000,0.00000000000,1.00000000000,                           313P    927
0.00000000000,0.00000000000,0.00000000000,                           313P    928
1.00000000000,0.00000000000,0.00000000000,                           313P    929
1.00000000000,0,0,0;                                                 313P    930
126,4,3,1,0,1,0,                                                     315P    931
0.00000000000,0.00000000000,0.00000000000,                           315P    932
0.00000000000,0.500000000000,1.00000000000,                          315P    933
1.00000000000,1.00000000000,1.00000000000,                           315P    934
1.00000000000,1.00000000000,1.00000000000,                           315P    935
1.00000000000,1.00000000000,1.00000000000,                           315P    936
0.00000000000,0.00000000000,1.00000000000,                           315P    937
0.166666666667,0.00000000000,1.00000000000,                          315P    938
0.500000000000,0.00000000000,1.00000000000,                          315P    939
0.833333333333,0.00000000000,1.00000000000,                          315P    940
1.00000000000,0.00000000000,0.00000000000,                           315P    941
1.00000000000,0.00000000000,0.00000000000,                           315P    942
1.00000000000,0,0,0;                                                 315P    943
126,4,3,1,0,1,0,                                                     317P    944
0.00000000000,0.00000000000,0.00000000000,                           317P    945
0.00000000000,0.500000000000,1.00000000000,                          317P    946
1.00000000000,1.00000000000,1.00000000000,                           317P    947
1.00000000000,1.00000000000,1.00000000000,                           317P    948
1.00000000000,1.00000000000,0.00000000000,                           317P    949
1.00000000000,0.00000000000,0.166666666667,                          317P    950
1.00000000000,0.00000000000,0.500000000000,                          317P    951
1.00000000000,0.00000000000,0.833333333333,                          317P    952
1.00000000000,0.00000000000,1.00000000000,                           317P    953
1.00000000000,0.00000000000,0.00000000000,                           317P    954
1.00000000000,0.00000000000,0.00000000000,                           317P    955
1.00000000000,0,0,0;                                                 317P    956
126,4,3,1,0,1,0,                                                     319P    957
0.00000000000,0.00000000000,0.00000000000,                           319P    958
0.00000000000,0.500000000000,1.00000000000,                          319P    959
1.00000000000,1.00000000000,1.00000000000,                           319P    960
1.00000000000,1.00000000000,1.00000000000,                           319P    961
1.00000000000,1.00000000000,0.00000000000,                           319P    962
0.00000000000,0.00000000000,0.00000000000,                           319P    963
0.166666666667,0.00000000000,0.00000000000,                          319P    964
0.500000000000,0.00000000000,0.00000000000,                          319P    965
0.833333333333,0.00000000000,0.00000000000,                          319P    966
1.00000000000,0.00000000000,0.00000000000,                           319P    967
1.00000000000,0.00000000000,0.00000000000,                           319P    968
1.00000000000,0,0,0;                                                 319P    969
102,4,313,315,317,319,0;                                             321P    970
322,8HLINE_ATT,5002,2,1,1,1,6,2,1,2,6,1;                             323P    971
126,1,1,0,0,1,0,                                                     325P    972
0.00000000000,0.00000000000,1.00000000000,                           325P    973
1.00000000000,1.00000000000,1.00000000000,                           325P    974
0.00000000000,0.430000000000E-01,0.00000000000,                      325P    975
0.00000000000,0.00000000000,0.00000000000,                           325P    976
0.00000000000,1.00000000000,0.00000000000,                           325P    977
0.00000000000,0.00000000000,0,1,323;                                 325P    978
322,8HLINE_ATT,5002,2,1,1,1,15,2,1,2,1,9;                            327P    979
126,1,1,0,0,1,0,                                                     329P    980
0.00000000000,0.00000000000,1.00000000000,                           329P    981
1.00000000000,1.00000000000,1.00000000000,                           329P    982
0.00000000000,0.00000000000,0.00000000000,                           329P    983
0.00000000000,0.00000000000,0.400000000000E-01,                      329P    984
0.00000000000,1.00000000000,0.00000000000,                           329P    985
0.00000000000,0.00000000000,0,1,327;                                 329P    986
322,8HLINE_ATT,5002,2,1,1,1,14,2,1,2,15,9;                           331P    987
126,1,1,0,0,1,0,                                                     333P    988
0.00000000000,0.00000000000,1.00000000000,                           333P    989
1.00000000000,1.00000000000,1.00000000000,                           333P    990
0.00000000000,0.430000000000E-01,0.400000000000E-01,                 333P    991
0.00000000000,0.00000000000,0.400000000000E-01,                      333P    992
0.00000000000,1.00000000000,0.00000000000,                           333P    993
0.00000000000,0.00000000000,0,1,331;                                 333P    994
322,8HLINE_ATT,5002,2,1,1,1,21,2,1,2,6,15;                           335P    995
126,1,1,0,0,1,0,                                                     337P    996
0.00000000000,0.00000000000,1.00000000000,                           337P    997
1.00000000000,1.00000000000,1.00000000000,                           337P    998
0.00000000000,0.430000000000E-01,0.00000000000,                      337P    999
0.00000000000,0.430000000000E-01,0.400000000000E-01,                 337P   1000
0.00000000000,1.00000000000,0.00000000000,                           337P   1001
0.00000000000,0.00000000000,0,1,335;                                 337P   1002
102,4,325,329,333,337,0;                                             339P   1003
142,0,311,321,339,2,0;                                               341P   1004
144,311,1,0,341,0,0;                                                 343P   1005
128,1,1,1,1,0,0,                                                     345P   1006
1,0,0,                                                               345P   1007
0.00000000000,0.00000000000,1.00000000000,                           345P   1008
1.00000000000,0.00000000000,0.00000000000,                           345P   1009
1.00000000000,1.00000000000,1.00000000000,                           345P   1010
1.00000000000,1.00000000000,1.00000000000,                           345P   1011
-0.270556349186E-01,0.245556349186E-01,0.00000000000,                345P   1012
-0.129443650814E-01,0.245556349186E-01,0.00000000000,                345P   1013
-0.270556349186E-01,0.104443650814E-01,0.00000000000,                345P   1014
-0.129443650814E-01,0.104443650814E-01,0.00000000000,                345P   1015
0.00000000000,1.00000000000,0.00000000000,                           345P   1016
1.00000000000,0,0,0;                                                 345P   1017
126,2,2,1,0,0,0,                                                     347P   1018
0.00000000000,0.00000000000,0.00000000000,                           347P   1019
1.00000000000,1.00000000000,1.00000000000,                           347P   1020
0.500000000000,0.500000000000,1.00000000000,                         347P   1021
0.854326723086,0.500000000000,0.00000000000,                         347P   1022
0.854326723086,0.145673276914,0.00000000000,                         347P   1023
0.500000000000,0.145673276914,0.00000000000,                         347P   1024
0.00000000000,1.00000000000,0.00000000000,                           347P   1025
0.00000000000,1.00000000000,0,0,0;                                   347P   1026
126,2,2,1,0,0,0,                                                     349P   1027
0.00000000000,0.00000000000,0.00000000000,                           349P   1028
1.00000000000,1.00000000000,1.00000000000,                           349P   1029
1.00000000000,0.500000000000,0.500000000000,                         349P   1030
0.500000000000,0.854326723086,0.00000000000,                         349P   1031
0.854326723086,0.854326723086,0.00000000000,                         349P   1032
0.854326723086,0.500000000000,0.00000000000,                         349P   1033
0.00000000000,1.00000000000,0.00000000000,                           349P   1034
0.00000000000,1.00000000000,0,0,0;                                   349P   1035
126,2,2,1,0,0,0,                                                     351P   1036
0.00000000000,0.00000000000,0.00000000000,                           351P   1037
1.00000000000,1.00000000000,1.00000000000,                           351P   1038
0.500000000000,0.500000000000,1.00000000000,                         351P   1039
0.145673276914,0.500000000000,0.00000000000,                         351P   1040
0.145673276914,0.854326723086,0.00000000000,                         351P   1041
0.500000000000,0.854326723086,0.00000000000,                         351P   1042
0.00000000000,1.00000000000,0.00000000000,                           351P   1043
0.00000000000,1.00000000000,0,0,0;                                   351P   1044
126,2,2,1,0,0,0,                                                     353P   1045
0.00000000000,0.00000000000,0.00000000000,                           353P   1046
1.00000000000,1.00000000000,1.00000000000,                           353P   1047
1.00000000000,0.500000000000,0.500000000000,                         353P   1048
0.500000000000,0.145673276914,0.00000000000,                         353P   1049
0.145673276914,0.145673276914,0.00000000000,                         353P   1050
0.145673276914,0.500000000000,0.00000000000,                         353P   1051
0.00000000000,1.00000000000,0.00000000000,                           353P   1052
0.00000000000,1.00000000000,0,0,0;                                   353P   1053
102,4,347,349,351,353,0;                                             355P   1054
322,8HLINE_ATT,5002,4,1,1,1,22,2,1,2,16,17,                          357P   1055
3,1,7,0,0,0,0,100000,0,0,4,2,2,                                      357P   1056
-1000100.00000,0.785398163238E-02,0,0,0,0;                           357P   1057
126,2,2,0,0,0,0,                                                     359P   1058
0.00000000000,0.00000000000,0.00000000000,                           359P   1059
1.00000000000,1.00000000000,1.00000000000,                           359P   1060
0.500000000000,0.500000000000,1.00000000000,                         359P   1061
-0.150000000000E-01,0.175000000000E-01,0.00000000000,                359P   1062
-0.150000000000E-01,0.225000000000E-01,0.00000000000,                359P   1063
-0.200000000000E-01,0.225000000000E-01,0.00000000000,                359P   1064
0.00000000000,1.00000000000,0.00000000000,                           359P   1065
0.00000000000,0.00000000000,0,1,357;                                 359P   1066
322,8HLINE_ATT,5002,4,1,1,1,23,2,1,2,18,16,                          361P   1067
3,1,7,0,0,0,0,100000,0,0,4,2,2,                                      361P   1068
-1000100.00000,0.785398163238E-02,0,0,0,0;                           361P   1069
126,2,2,0,0,0,0,                                                     363P   1070
0.00000000000,0.00000000000,0.00000000000,                           363P   1071
1.00000000000,1.00000000000,1.00000000000,                           363P   1072
1.00000000000,0.500000000000,0.500000000000,                         363P   1073
-0.200000000000E-01,0.125000000000E-01,0.00000000000,                363P   1074
-0.150000000000E-01,0.125000000000E-01,0.00000000000,                363P   1075
-0.150000000000E-01,0.175000000000E-01,0.00000000000,                363P   1076
0.00000000000,1.00000000000,0.00000000000,                           363P   1077
0.00000000000,0.00000000000,0,1,361;                                 363P   1078
322,8HLINE_ATT,5002,4,1,1,1,24,2,1,2,19,18,                          365P   1079
3,1,7,0,0,0,0,100000,0,0,4,2,2,                                      365P   1080
-1000100.00000,0.785398163238E-02,0,0,0,0;                           365P   1081
126,2,2,0,0,0,0,                                                     367P   1082
0.00000000000,0.00000000000,0.00000000000,                           367P   1083
1.00000000000,1.00000000000,1.00000000000,                           367P   1084
0.500000000000,0.500000000000,1.00000000000,                         367P   1085
-0.250000000000E-01,0.175000000000E-01,0.00000000000,                367P   1086
-0.250000000000E-01,0.125000000000E-01,0.00000000000,                367P   1087
-0.200000000000E-01,0.125000000000E-01,0.00000000000,                367P   1088
0.00000000000,1.00000000000,0.00000000000,                           367P   1089
0.00000000000,0.00000000000,0,1,365;                                 367P   1090
322,8HLINE_ATT,5002,4,1,1,1,25,2,1,2,17,19,                          369P   1091
3,1,7,0,0,0,0,100000,0,0,4,2,2,                                      369P   1092
-1000100.00000,0.785398163238E-02,0,0,0,0;                           369P   1093
126,2,2,0,0,0,0,                                                     371P   1094
0.00000000000,0.00000000000,0.00000000000,                           371P   1095
1.00000000000,1.00000000000,1.00000000000,                           371P   1096
1.00000000000,0.500000000000,0.500000000000,                         371P   1097
-0.200000000000E-01,0.225000000000E-01,0.00000000000,                371P   1098
-0.250000000000E-01,0.225000000000E-01,0.00000000000,                371P   1099
-0.250000000000E-01,0.175000000000E-01,0.00000000000,                371P   1100
0.00000000000,1.00000000000,0.00000000000,                           371P   1101
0.00000000000,0.00000000000,0,1,369;                                 371P   1102
102,4,359,363,367,371,0;                                             373P   1103
142,0,345,355,373,2,0;                                               375P   1104
144,345,1,0,375,0,0;                                                 377P   1105
128,1,1,1,1,0,0,                                                     379P   1106
1,0,0,                                                               379P   1107
0.00000000000,0.00000000000,1.00000000000,                           379P   1108
1.00000000000,0.00000000000,0.00000000000,                           379P   1109
1.00000000000,1.00000000000,1.00000000000,                           379P   1110
1.00000000000,1.00000000000,1.00000000000,                           379P   1111
-0.270556349186E-01,0.104443650814E-01,0.360000000000E-02,           379P   1112
-0.129443650814E-01,0.104443650814E-01,0.360000000000E-02,           379P   1113
-0.270556349186E-01,0.245556349186E-01,0.360000000000E-02,           379P   1114
-0.129443650814E-01,0.245556349186E-01,0.360000000000E-02,           379P   1115
0.00000000000,1.00000000000,0.00000000000,                           379P   1116
1.00000000000,0,0,0;                                                 379P   1117
126,2,2,1,0,0,0,                                                     381P   1118
0.00000000000,0.00000000000,0.00000000000,                           381P   1119
1.00000000000,1.00000000000,1.00000000000,                           381P   1120
1.00000000000,0.500000000000,0.500000000000,                         381P   1121
0.500000000000,0.854326723086,0.00000000000,                         381P   1122
0.145673276914,0.854326723086,0.00000000000,                         381P   1123
0.145673276914,0.500000000000,0.00000000000,                         381P   1124
0.00000000000,1.00000000000,0.00000000000,                           381P   1125
0.00000000000,1.00000000000,0,0,0;                                   381P   1126
126,2,2,1,0,0,0,                                                     383P   1127
0.00000000000,0.00000000000,0.00000000000,                           383P   1128
1.00000000000,1.00000000000,1.00000000000,                           383P   1129
0.500000000000,0.500000000000,1.00000000000,                         383P   1130
0.145673276914,0.500000000000,0.00000000000,                         383P   1131
0.145673276914,0.145673276914,0.00000000000,                         383P   1132
0.500000000000,0.145673276914,0.00000000000,                         383P   1133
0.00000000000,1.00000000000,0.00000000000,                           383P   1134
0.00000000000,1.00000000000,0,0,0;                                   383P   1135
126,2,2,1,0,0,0,                                                     385P   1136
0.00000000000,0.00000000000,0.00000000000,                           385P   1137
1.00000000000,1.00000000000,1.00000000000,                           385P   1138
1.00000000000,0.500000000000,0.500000000000,                         385P   1139
0.500000000000,0.145673276914,0.00000000000,                         385P   1140
0.854326723086,0.145673276914,0.00000000000,                         385P   1141
0.854326723086,0.500000000000,0.00000000000,                         385P   1142
0.00000000000,1.00000000000,0.00000000000,                           385P   1143
0.00000000000,1.00000000000,0,0,0;                                   385P   1144
126,2,2,1,0,0,0,                                                     387P   1145
0.00000000000,0.00000000000,0.00000000000,                           387P   1146
1.00000000000,1.00000000000,1.00000000000,                           387P   1147
0.500000000000,0.500000000000,1.00000000000,                         387P   1148
0.854326723086,0.500000000000,0.00000000000,                         387P   1149
0.854326723086,0.854326723086,0.00000000000,                         387P   1150
0.500000000000,0.854326723086,0.00000000000,                         387P   1151
0.00000000000,1.00000000000,0.00000000000,                           387P   1152
0.00000000000,1.00000000000,0,0,0;                                   387P   1153
102,4,381,383,385,387,0;                                             389P   1154
322,8HLINE_ATT,5002,4,1,1,1,26,2,1,2,20,21,                          391P   1155
3,1,7,0,0,0,0,100000,0,0,4,2,2,                                      391P   1156
-1000100.00000,0.785398163238E-02,0,0,0,0;                           391P   1157
126,2,2,0,0,0,0,                                                     393P   1158
0.00000000000,0.00000000000,0.00000000000,                           393P   1159
1.00000000000,1.00000000000,1.00000000000,                           393P   1160
1.00000000000,0.500000000000,0.500000000000,                         393P   1161
-0.200000000000E-01,0.225000000000E-01,0.360000000000E-02,           393P   1162
-0.250000000000E-01,0.225000000000E-01,0.360000000000E-02,           393P   1163
-0.250000000000E-01,0.175000000000E-01,0.360000000000E-02,           393P   1164
0.00000000000,1.00000000000,0.00000000000,                           393P   1165
0.00000000000,0.00000000000,0,1,391;                                 393P   1166
322,8HLINE_ATT,5002,4,1,1,1,27,2,1,2,21,22,                          395P   1167
3,1,7,0,0,0,0,100000,0,0,4,2,2,                                      395P   1168
-1000100.00000,0.785398163238E-02,0,0,0,0;                           395P   1169
126,2,2,0,0,0,0,                                                     397P   1170
0.00000000000,0.00000000000,0.00000000000,                           397P   1171
1.00000000000,1.00000000000,1.00000000000,                           397P   1172
0.500000000000,0.500000000000,1.00000000000,                         397P   1173
-0.250000000000E-01,0.175000000000E-01,0.360000000000E-02,           397P   1174
-0.250000000000E-01,0.125000000000E-01,0.360000000000E-02,           397P   1175
-0.200000000000E-01,0.125000000000E-01,0.360000000000E-02,           397P   1176
0.00000000000,1.00000000000,0.00000000000,                           397P   1177
0.00000000000,0.00000000000,0,1,395;                                 397P   1178
322,8HLINE_ATT,5002,4,1,1,1,28,2,1,2,22,23,                          399P   1179
3,1,7,0,0,0,0,100000,0,0,4,2,2,                                      399P   1180
-1000100.00000,0.785398163238E-02,0,0,0,0;                           399P   1181
126,2,2,0,0,0,0,                                                     401P   1182
0.00000000000,0.00000000000,0.00000000000,                           401P   1183
1.00000000000,1.00000000000,1.00000000000,                           401P   1184
1.00000000000,0.500000000000,0.500000000000,                         401P   1185
-0.200000000000E-01,0.125000000000E-01,0.360000000000E-02,           401P   1186
-0.150000000000E-01,0.125000000000E-01,0.360000000000E-02,           401P   1187
-0.150000000000E-01,0.175000000000E-01,0.360000000000E-02,           401P   1188
0.00000000000,1.00000000000,0.00000000000,                           401P   1189
0.00000000000,0.00000000000,0,1,399;                                 401P   1190
322,8HLINE_ATT,5002,4,1,1,1,29,2,1,2,23,20,                          403P   1191
3,1,7,0,0,0,0,100000,0,0,4,2,2,                                      403P   1192
-1000100.00000,0.785398163238E-02,0,0,0,0;                           403P   1193
126,2,2,0,0,0,0,                                                     405P   1194
0.00000000000,0.00000000000,0.00000000000,                           405P   1195
1.00000000000,1.00000000000,1.00000000000,                           405P   1196
0.500000000000,0.500000000000,1.00000000000,                         405P   1197
-0.150000000000E-01,0.175000000000E-01,0.360000000000E-02,           405P   1198
-0.150000000000E-01,0.225000000000E-01,0.360000000000E-02,           405P   1199
-0.200000000000E-01,0.225000000000E-01,0.360000000000E-02,           405P   1200
0.00000000000,1.00000000000,0.00000000000,                           405P   1201
0.00000000000,0.00000000000,0,1,403;                                 405P   1202
102,4,393,397,401,405,0;                                             407P   1203
142,0,379,389,407,2,0;                                               409P   1204
144,379,1,0,409,0,0;                                                 411P   1205
128,3,1,2,1,0,0,                                                     413P   1206
0,0,0,                                                               413P   1207
0.00000000000,0.00000000000,0.00000000000,                           413P   1208
0.500000000000,1.00000000000,1.00000000000,                          413P   1209
1.00000000000,0.00000000000,0.00000000000,                           413P   1210
1.00000000000,1.00000000000,1.00000000000,                           413P   1211
0.500000000000,0.500000000000,1.00000000000,                         413P   1212
1.00000000000,0.500000000000,0.500000000000,                         413P   1213
1.00000000000,-0.200000000000E-01,0.225000000000E-01,                413P   1214
0.00000000000,-0.250000000000E-01,0.225000000000E-01,                413P   1215
0.00000000000,-0.250000000000E-01,0.125000000000E-01,                413P   1216
0.00000000000,-0.200000000000E-01,0.125000000000E-01,                413P   1217
0.00000000000,-0.200000000000E-01,0.225000000000E-01,                413P   1218
0.360000000000E-02,-0.250000000000E-01,0.225000000000E-01,           413P   1219
0.360000000000E-02,-0.250000000000E-01,0.125000000000E-01,           413P   1220
0.360000000000E-02,-0.200000000000E-01,0.125000000000E-01,           413P   1221
0.360000000000E-02,0.00000000000,1.00000000000,                      413P   1222
0.00000000000,1.00000000000,0,0,0;                                   413P   1223
126,1,1,1,0,1,0,                                                     415P   1224
0.00000000000,0.00000000000,1.00000000000,                           415P   1225
1.00000000000,1.00000000000,1.00000000000,                           415P   1226
0.00000000000,0.00000000000,0.00000000000,                           415P   1227
0.500000000000,0.00000000000,0.00000000000,                          415P   1228
0.00000000000,1.00000000000,0.00000000000,                           415P   1229
0.00000000000,1.00000000000,0,0,0;                                   415P   1230
126,1,1,1,0,1,0,                                                     417P   1231
0.00000000000,0.00000000000,1.00000000000,                           417P   1232
1.00000000000,1.00000000000,1.00000000000,                           417P   1233
0.500000000000,0.00000000000,0.00000000000,                          417P   1234
1.00000000000,0.00000000000,0.00000000000,                           417P   1235
0.00000000000,1.00000000000,0.00000000000,                           417P   1236
0.00000000000,1.00000000000,0,0,0;                                   417P   1237
126,1,1,1,0,1,0,                                                     419P   1238
0.00000000000,0.00000000000,1.00000000000,                           419P   1239
1.00000000000,1.00000000000,1.00000000000,                           419P   1240
1.00000000000,0.00000000000,0.00000000000,                           419P   1241
1.00000000000,1.00000000000,0.00000000000,                           419P   1242
0.00000000000,1.00000000000,0.00000000000,                           419P   1243
0.00000000000,1.00000000000,0,0,0;                                   419P   1244
126,1,1,1,0,1,0,                                                     421P   1245
0.00000000000,0.00000000000,1.00000000000,                           421P   1246
1.00000000000,1.00000000000,1.00000000000,                           421P   1247
0.500000000000,1.00000000000,0.00000000000,                          421P   1248
1.00000000000,1.00000000000,0.00000000000,                           421P   1249
0.00000000000,1.00000000000,0.00000000000,                           421P   1250
0.00000000000,1.00000000000,0,0,0;                                   421P   1251
126,1,1,1,0,1,0,                                                     423P   1252
0.00000000000,0.00000000000,1.00000000000,                           423P   1253
1.00000000000,1.00000000000,1.00000000000,                           423P   1254
0.00000000000,1.00000000000,0.00000000000,                           423P   1255
0.500000000000,1.00000000000,0.00000000000,                          423P   1256
0.00000000000,1.00000000000,0.00000000000,                           423P   1257
0.00000000000,1.00000000000,0,0,0;                                   423P   1258
126,1,1,1,0,1,0,                                                     425P   1259
0.00000000000,0.00000000000,1.00000000000,                           425P   1260
1.00000000000,1.00000000000,1.00000000000,                           425P   1261
0.00000000000,0.00000000000,0.00000000000,                           425P   1262
0.00000000000,1.00000000000,0.00000000000,                           425P   1263
0.00000000000,1.00000000000,0.00000000000,                           425P   1264
0.00000000000,1.00000000000,0,0,0;                                   425P   1265
102,6,415,417,419,421,423,                                           427P   1266
425,0,0,0,0,0;                                                       427P   1267
322,8HLINE_ATT,5002,2,1,1,1,25,2,1,2,17,19;                          429P   1268
126,2,2,0,0,0,0,                                                     431P   1269
0.00000000000,0.00000000000,0.00000000000,                           431P   1270
1.00000000000,1.00000000000,1.00000000000,                           431P   1271
1.00000000000,0.500000000000,0.500000000000,                         431P   1272
-0.200000000000E-01,0.225000000000E-01,0.00000000000,                431P   1273
-0.250000000000E-01,0.225000000000E-01,0.00000000000,                431P   1274
-0.250000000000E-01,0.175000000000E-01,0.00000000000,                431P   1275
0.00000000000,1.00000000000,0.00000000000,                           431P   1276
0.00000000000,0.00000000000,0,1,429;                                 431P   1277
322,8HLINE_ATT,5002,2,1,1,1,24,2,1,2,19,18;                          433P   1278
126,2,2,0,0,0,0,                                                     435P   1279
0.00000000000,0.00000000000,0.00000000000,                           435P   1280
1.00000000000,1.00000000000,1.00000000000,                           435P   1281
0.500000000000,0.500000000000,1.00000000000,                         435P   1282
-0.250000000000E-01,0.175000000000E-01,0.00000000000,                435P   1283
-0.250000000000E-01,0.125000000000E-01,0.00000000000,                435P   1284
-0.200000000000E-01,0.125000000000E-01,0.00000000000,                435P   1285
0.00000000000,1.00000000000,0.00000000000,                           435P   1286
0.00000000000,0.00000000000,0,1,433;                                 435P   1287
322,8HLINE_ATT,5002,4,1,1,1,30,2,1,2,18,22,                          437P   1288
3,1,7,0,0,0,0,100000,0,0,4,2,2,                                      437P   1289
-1000100.00000,0.360000000000E-02,0,0,0,0;                           437P   1290
126,1,1,0,0,0,0,                                                     439P   1291
0.00000000000,0.00000000000,1.00000000000,                           439P   1292
1.00000000000,1.00000000000,1.00000000000,                           439P   1293
-0.200000000000E-01,0.125000000000E-01,0.00000000000,                439P   1294
-0.200000000000E-01,0.125000000000E-01,0.360000000000E-02,           439P   1295
0.00000000000,1.00000000000,0.00000000000,                           439P   1296
0.00000000000,0.00000000000,0,1,437;                                 439P   1297
322,8HLINE_ATT,5002,2,1,1,1,27,2,1,2,21,22;                          441P   1298
126,2,2,0,0,0,0,                                                     443P   1299
0.00000000000,0.00000000000,0.00000000000,                           443P   1300
1.00000000000,1.00000000000,1.00000000000,                           443P   1301
0.500000000000,0.500000000000,1.00000000000,                         443P   1302
-0.250000000000E-01,0.175000000000E-01,0.360000000000E-02,           443P   1303
-0.250000000000E-01,0.125000000000E-01,0.360000000000E-02,           443P   1304
-0.200000000000E-01,0.125000000000E-01,0.360000000000E-02,           443P   1305
0.00000000000,1.00000000000,0.00000000000,                           443P   1306
0.00000000000,0.00000000000,0,1,441;                                 443P   1307
322,8HLINE_ATT,5002,2,1,1,1,26,2,1,2,20,21;                          445P   1308
126,2,2,0,0,0,0,                                                     447P   1309
0.00000000000,0.00000000000,0.00000000000,                           447P   1310
1.00000000000,1.00000000000,1.00000000000,                           447P   1311
1.00000000000,0.500000000000,0.500000000000,                         447P   1312
-0.200000000000E-01,0.225000000000E-01,0.360000000000E-02,           447P   1313
-0.250000000000E-01,0.225000000000E-01,0.360000000000E-02,           447P   1314
-0.250000000000E-01,0.175000000000E-01,0.360000000000E-02,           447P   1315
0.00000000000,1.00000000000,0.00000000000,                           447P   1316
0.00000000000,0.00000000000,0,1,445;                                 447P   1317
322,8HLINE_ATT,5002,4,1,1,1,31,2,1,2,17,20,                          449P   1318
3,1,7,0,0,0,0,100000,0,0,4,2,2,                                      449P   1319
-1000100.00000,0.360000000000E-02,0,0,0,0;                           449P   1320
126,1,1,0,0,0,0,                                                     451P   1321
0.00000000000,0.00000000000,1.00000000000,                           451P   1322
1.00000000000,1.00000000000,1.00000000000,                           451P   1323
-0.200000000000E-01,0.225000000000E-01,0.00000000000,                451P   1324
-0.200000000000E-01,0.225000000000E-01,0.360000000000E-02,           451P   1325
0.00000000000,1.00000000000,0.00000000000,                           451P   1326
0.00000000000,0.00000000000,0,1,449;                                 451P   1327
102,6,431,435,439,443,447,                                           453P   1328
451,0,0,0,0,0;                                                       453P   1329
142,0,413,427,453,2,0;                                               455P   1330
144,413,1,0,455,0,0;                                                 457P   1331
128,3,1,2,1,0,0,                                                     459P   1332
0,0,0,                                                               459P   1333
0.00000000000,0.00000000000,0.00000000000,                           459P   1334
0.500000000000,1.00000000000,1.00000000000,                          459P   1335
1.00000000000,0.00000000000,0.00000000000,                           459P   1336
1.00000000000,1.00000000000,1.00000000000,                           459P   1337
0.500000000000,0.500000000000,1.00000000000,                         459P   1338
1.00000000000,0.500000000000,0.500000000000,                         459P   1339
1.00000000000,-0.200000000000E-01,0.125000000000E-01,                459P   1340
0.00000000000,-0.150000000000E-01,0.125000000000E-01,                459P   1341
0.00000000000,-0.150000000000E-01,0.225000000000E-01,                459P   1342
0.00000000000,-0.200000000000E-01,0.225000000000E-01,                459P   1343
0.00000000000,-0.200000000000E-01,0.125000000000E-01,                459P   1344
0.360000000000E-02,-0.150000000000E-01,0.125000000000E-01,           459P   1345
0.360000000000E-02,-0.150000000000E-01,0.225000000000E-01,           459P   1346
0.360000000000E-02,-0.200000000000E-01,0.225000000000E-01,           459P   1347
0.360000000000E-02,0.00000000000,1.00000000000,                      459P   1348
0.00000000000,1.00000000000,0,0,0;                                   459P   1349
126,1,1,1,0,1,0,                                                     461P   1350
0.00000000000,0.00000000000,1.00000000000,                           461P   1351
1.00000000000,1.00000000000,1.00000000000,                           461P   1352
0.00000000000,0.00000000000,0.00000000000,                           461P   1353
0.500000000000,0.00000000000,0.00000000000,                          461P   1354
0.00000000000,1.00000000000,0.00000000000,                           461P   1355
0.00000000000,1.00000000000,0,0,0;                                   461P   1356
126,1,1,1,0,1,0,                                                     463P   1357
0.00000000000,0.00000000000,1.00000000000,                           463P   1358
1.00000000000,1.00000000000,1.00000000000,                           463P   1359
0.500000000000,0.00000000000,0.00000000000,                          463P   1360
1.00000000000,0.00000000000,0.00000000000,                           463P   1361
0.00000000000,1.00000000000,0.00000000000,                           463P   1362
0.00000000000,1.00000000000,0,0,0;                                   463P   1363
126,1,1,1,0,1,0,                                                     465P   1364
0.00000000000,0.00000000000,1.00000000000,                           465P   1365
1.00000000000,1.00000000000,1.00000000000,                           465P   1366
1.00000000000,0.00000000000,0.00000000000,                           465P   1367
1.00000000000,1.00000000000,0.00000000000,                           465P   1368
0.00000000000,1.00000000000,0.00000000000,                           465P   1369
0.00000000000,1.00000000000,0,0,0;                                   465P   1370
126,1,1,1,0,1,0,                                                     467P   1371
0.00000000000,0.00000000000,1.00000000000,                           467P   1372
1.00000000000,1.00000000000,1.00000000000,                           467P   1373
0.500000000000,1.00000000000,0.00000000000,                          467P   1374
1.00000000000,1.00000000000,0.00000000000,                           467P   1375
0.00000000000,1.00000000000,0.00000000000,                           467P   1376
0.00000000000,1.00000000000,0,0,0;                                   467P   1377
126,1,1,1,0,1,0,                                                     469P   1378
0.00000000000,0.00000000000,1.00000000000,                           469P   1379
1.00000000000,1.00000000000,1.00000000000,                           469P   1380
0.00000000000,1.00000000000,0.00000000000,                           469P   1381
0.500000000000,1.00000000000,0.00000000000,                          469P   1382
0.00000000000,1.00000000000,0.00000000000,                           469P   1383
0.00000000000,1.00000000000,0,0,0;                                   469P   1384
126,1,1,1,0,1,0,                                                     471P   1385
0.00000000000,0.00000000000,1.00000000000,                           471P   1386
1.00000000000,1.00000000000,1.00000000000,                           471P   1387
0.00000000000,0.00000000000,0.00000000000,                           471P   1388
0.00000000000,1.00000000000,0.00000000000,                           471P   1389
0.00000000000,1.00000000000,0.00000000000,                           471P   1390
0.00000000000,1.00000000000,0,0,0;                                   471P   1391
102,6,461,463,465,467,469,                                           473P   1392
471,0,0,0,0,0;                                                       473P   1393
322,8HLINE_ATT,5002,2,1,1,1,23,2,1,2,18,16;                          475P   1394
126,2,2,0,0,0,0,                                                     477P   1395
0.00000000000,0.00000000000,0.00000000000,                           477P   1396
1.00000000000,1.00000000000,1.00000000000,                           477P   1397
1.00000000000,0.500000000000,0.500000000000,                         477P   1398
-0.200000000000E-01,0.125000000000E-01,0.00000000000,                477P   1399
-0.150000000000E-01,0.125000000000E-01,0.00000000000,                477P   1400
-0.150000000000E-01,0.175000000000E-01,0.00000000000,                477P   1401
0.00000000000,1.00000000000,0.00000000000,                           477P   1402
0.00000000000,0.00000000000,0,1,475;                                 477P   1403
322,8HLINE_ATT,5002,2,1,1,1,22,2,1,2,16,17;                          479P   1404
126,2,2,0,0,0,0,                                                     481P   1405
0.00000000000,0.00000000000,0.00000000000,                           481P   1406
1.00000000000,1.00000000000,1.00000000000,                           481P   1407
0.500000000000,0.500000000000,1.00000000000,                         481P   1408
-0.150000000000E-01,0.175000000000E-01,0.00000000000,                481P   1409
-0.150000000000E-01,0.225000000000E-01,0.00000000000,                481P   1410
-0.200000000000E-01,0.225000000000E-01,0.00000000000,                481P   1411
0.00000000000,1.00000000000,0.00000000000,                           481P   1412
0.00000000000,0.00000000000,0,1,479;                                 481P   1413
322,8HLINE_ATT,5002,2,1,1,1,31,2,1,2,17,20;                          483P   1414
126,1,1,0,0,0,0,                                                     485P   1415
0.00000000000,0.00000000000,1.00000000000,                           485P   1416
1.00000000000,1.00000000000,1.00000000000,                           485P   1417
-0.200000000000E-01,0.225000000000E-01,0.00000000000,                485P   1418
-0.200000000000E-01,0.225000000000E-01,0.360000000000E-02,           485P   1419
0.00000000000,1.00000000000,0.00000000000,                           485P   1420
0.00000000000,0.00000000000,0,1,483;                                 485P   1421
322,8HLINE_ATT,5002,2,1,1,1,29,2,1,2,23,20;                          487P   1422
126,2,2,0,0,0,0,                                                     489P   1423
0.00000000000,0.00000000000,0.00000000000,                           489P   1424
1.00000000000,1.00000000000,1.00000000000,                           489P   1425
0.500000000000,0.500000000000,1.00000000000,                         489P   1426
-0.150000000000E-01,0.175000000000E-01,0.360000000000E-02,           489P   1427
-0.150000000000E-01,0.225000000000E-01,0.360000000000E-02,           489P   1428
-0.200000000000E-01,0.225000000000E-01,0.360000000000E-02,           489P   1429
0.00000000000,1.00000000000,0.00000000000,                           489P   1430
0.00000000000,0.00000000000,0,1,487;                                 489P   1431
322,8HLINE_ATT,5002,2,1,1,1,28,2,1,2,22,23;                          491P   1432
126,2,2,0,0,0,0,                                                     493P   1433
0.00000000000,0.00000000000,0.00000000000,                           493P   1434
1.00000000000,1.00000000000,1.00000000000,                           493P   1435
1.00000000000,0.500000000000,0.500000000000,                         493P   1436
-0.200000000000E-01,0.125000000000E-01,0.360000000000E-02,           493P   1437
-0.150000000000E-01,0.125000000000E-01,0.360000000000E-02,           493P   1438
-0.150000000000E-01,0.175000000000E-01,0.360000000000E-02,           493P   1439
0.00000000000,1.00000000000,0.00000000000,                           493P   1440
0.00000000000,0.00000000000,0,1,491;                                 493P   1441
322,8HLINE_ATT,5002,2,1,1,1,30,2,1,2,18,22;                          495P   1442
126,1,1,0,0,0,0,                                                     497P   1443
0.00000000000,0.00000000000,1.00000000000,                           497P   1444
1.00000000000,1.00000000000,1.00000000000,                           497P   1445
-0.200000000000E-01,0.125000000000E-01,0.00000000000,                497P   1446
-0.200000000000E-01,0.125000000000E-01,0.360000000000E-02,           497P   1447
0.00000000000,1.00000000000,0.00000000000,                           497P   1448
0.00000000000,0.00000000000,0,1,495;                                 497P   1449
102,6,477,481,485,489,493,                                           499P   1450
497,0,0,0,0,0;                                                       499P   1451
142,0,459,473,499,2,0;                                               501P   1452
144,459,1,0,501,0,0;                                                 503P   1453
322,8HKPOI_CMP,5106,3,1,3,1,                                         505P   1454
15H_CKMZPLYEPK_KP_,                                                  505P   1455
2,1,2,3,6,3,1,23,                                                    505P   1456
1,2,3,4,5,6,7,8,                                                     505P   1457
9,10,11,12,13,14,15,16,                                              505P   1458
17,18,19,20,21,22,23,0;                                              505P   1459
322,8HKPOI_CMP,5106,3,1,3,1,                                         507P   1460
15H_ETIFPPILJC_KP_,                                                  507P   1461
2,1,2,9,6,3,1,23,                                                    507P   1462
1,2,3,4,5,6,7,8,                                                     507P   1463
9,10,11,12,13,14,15,16,                                              507P   1464
17,18,19,20,21,22,23,0;                                              507P   1465
322,8HKPOI_CMP,5106,3,1,3,1,                                         509P   1466
15H_JTDOHDUBLQ_KP_,                                                  509P   1467
2,1,2,15,6,3,1,23,                                                   509P   1468
1,2,3,4,5,6,7,8,                                                     509P   1469
9,10,11,12,13,14,15,16,                                              509P   1470
17,18,19,20,21,22,23,0;                                              509P   1471
322,8HLINE_CMP,5107,3,1,3,1,                                         511P   1472
18H_CKMZPLYEPK_LINES_,                                               511P   1473
2,1,2,4,7,3,1,10,                                                    511P   1474
22,23,24,25,26,27,28,29,                                             511P   1475
30,31,0,0,0,0,0,0;                                                   511P   1476
322,8HLINE_CMP,5107,3,1,3,1,                                         513P   1477
18H_ETIFPPILJC_LINES_,                                               513P   1478
2,1,2,10,7,3,1,31,                                                   513P   1479
1,2,3,4,5,6,7,8,                                                     513P   1480
9,10,11,12,13,14,15,16,                                              513P   1481
17,18,19,20,21,22,23,24,                                             513P   1482
25,26,27,28,29,30,31,0;                                              513P   1483
322,8HLINE_CMP,5107,3,1,3,1,                                         515P   1484
18H_JTDOHDUBLQ_LINES_,                                               515P   1485
2,1,2,16,7,3,1,31,                                                   515P   1486
1,2,3,4,5,6,7,8,                                                     515P   1487
9,10,11,12,13,14,15,16,                                              515P   1488
17,18,19,20,21,22,23,24,                                             515P   1489
25,26,27,28,29,30,31,0;                                              515P   1490
322,8HAREA_CMP,5108,3,1,3,1,                                         517P   1491
17H_CKMZPLYEPK_AREA_,                                                517P   1492
2,1,2,1,8,3,1,4,                                                     517P   1493
10,11,12,13,0,0,0,0;                                                 517P   1494
322,8HAREA_CMP,5108,3,1,3,1,                                         519P   1495
17H_ETIFPPILJC_AREA_,                                                519P   1496
2,1,2,7,8,3,1,4,                                                     519P   1497
10,11,12,13,0,0,0,0;                                                 519P   1498
322,8HAREA_CMP,5108,3,1,3,1,                                         521P   1499
17H_JTDOHDUBLQ_AREA_,                                                521P   1500
2,1,2,13,8,3,1,13,                                                   521P   1501
1,2,3,4,5,6,7,8,                                                     521P   1502
9,10,11,12,13,0,0,0;                                                 521P   1503
S     35G      3D    522P   1503                                        T      1
